market,name,base,platform,currency,sealed,in_stock,outcome,error,collections
AU,GD Games,https://www.gdgames.com.au,shopify,AUD,53,48,listed,,pokemon-tcg-australia ascended-heroes-pokemon-tcg pitch-black-pokemon-tcg
AU,Poke Box Australia,https://pokeboxaustralia.com.au,,,0,0,no feed,no public Shopify or WooCommerce feed,
AU,Sports Card Store,https://sportscardstore.com.au,shopify,AUD,4,2,listed,,pokemon-boxes pokemon-cases
AU,That TCG Store,https://thattcgstore.com,,,0,0,no feed,no public Shopify or WooCommerce feed,
AU,Trainer Hub,https://www.trainerhub.net.au,,,0,0,no feed,no public Shopify or WooCommerce feed,
AU,Trainer Town,https://trainertown.com.au,shopify,AUD,36,20,listed,,pokemon-cards pokemon-tcg-mega-evolution pokemon-booster-boxes pokemon-elite-trainer-box
CA,Danireon Cards & Games,https://danireon.com,shopify,CAD,323,38,listed,,pokemon-tins pokemon-blister-packs pokemon-booster-boxes pokemon-sealed-on-sale
CA,Expedition Jeux,https://expeditionjeux.com,,,0,0,no feed,no public Shopify or WooCommerce feed,
CA,GamesLand Canada,https://gamesland.ca,shopify,CAD,204,41,listed,,pokemon all-pokemon
CA,Just-a-Hobby,https://www.justahobby.store,shopify,CAD,551,251,listed,,english-pokemon
CA,New Realm Games,https://newrealmgames.ca,,,0,0,no feed,no public Shopify or WooCommerce feed,
CA,Poke Jeux,https://www.pokejeux.ca,,,0,0,no feed,no public Shopify or WooCommerce feed,
CA,Poke Therapy,https://poketherapy.com,shopify,CAD,0,0,too few sealed,,
EU,Aition,https://www.aition.be,,,0,0,no feed,no public Shopify or WooCommerce feed,
EU,Beattys of Loughrea,https://www.beattys.ie,shopify,EUR,0,0,too few sealed,,
EU,Biridama TCG,https://www.biridama.pt,shopify,EUR,194,40,listed,,all-pokemon
EU,Booster Box EU,https://boosterbox.eu,,,0,0,no feed,no public Shopify or WooCommerce feed,
EU,BSA Store,https://www.bsastore.it,shopify,EUR,0,0,too few sealed,,
EU,Card Empire,https://cardempire.nl,,,0,0,no feed,no public Shopify or WooCommerce feed,
EU,Card Shop FR,https://cardshop.fr,,,0,0,no feed,no public Shopify or WooCommerce feed,
EU,Card Vault EU,https://cardvault.eu,,,0,0,no feed,no public Shopify or WooCommerce feed,
EU,Card-Corner,https://www.card-corner.de,,,0,0,no feed,no public Shopify or WooCommerce feed,
EU,CardCosmos,https://cardcosmos.de,shopify,EUR,37,3,listed,,pokemon-tins pokemon-blister
EU,CardCosmos AT,https://cardcosmos.at,shopify,EUR,37,3,excluded,,pokemon-tins pokemon-blister
EU,Cardgameshop,https://www.cardgameshop.be,,,0,0,no feed,no public Shopify or WooCommerce feed,
EU,Cardgameworld,https://cardgameworld.be,,,0,0,no feed,no public Shopify or WooCommerce feed,
EU,Cardia PT,https://cardia.pt,,,0,0,no feed,no public Shopify or WooCommerce feed,
EU,Cardify,https://cardifytcg.nl,shopify,EUR,1,1,too few sealed,,pre-orders-collectie
EU,Cards and Collections,https://cardsandcollections.de,,,0,0,no feed,no public Shopify or WooCommerce feed,
EU,Carta Magica IT,https://cartamagica.it,,,0,0,no feed,no public Shopify or WooCommerce feed,
EU,CarteMagic,https://www.cartemagic.com,,,0,0,no feed,no public Shopify or WooCommerce feed,
EU,Cartes Pokemon Shop,https://cartespokemonshop.fr,,,0,0,no feed,no public Shopify or WooCommerce feed,
EU,CatchYourCards,https://catchyourcards.nl,,,0,0,no feed,no public Shopify or WooCommerce feed,
EU,Cerbere,https://cerbere.com,,,0,0,no feed,no public Shopify or WooCommerce feed,
EU,Collect Avenue,https://collect-avenue.com,shopify,EUR,0,0,too few sealed,,
EU,Collector Expert,https://collector-expert.de,shopify,EUR,51,51,listed,,pokemon-karten
EU,Collectors Garden,https://collectorsgarden.nl,shopify,EUR,0,0,too few sealed,,
EU,Comic Planet,https://www.comicplanet.de,,,0,0,no feed,no public Shopify or WooCommerce feed,
EU,Crispy Cards,https://crispycards.de,shopify,EUR,80,38,listed,,pokemon-tin-boxen pokemon-booster pokemon-display
EU,De Broergrot,https://www.debroergrot.nl,shopify,EUR,32,25,listed,,booster-packs booster-box elite-trainer-box pokemonsale
EU,Eclipse TCG,https://www.eclipsetcg.be,shopify,EUR,0,0,too few sealed,,
EU,Edition Collector,https://editioncollector.fr,,,0,0,no feed,no public Shopify or WooCommerce feed,
EU,End Turn,https://www.endturn.pt,shopify,EUR,0,0,too few sealed,,
EU,Fantamagus,https://fantamagus.com,,,0,0,no feed,no public Shopify or WooCommerce feed,
EU,Fantasiapelit,https://fantasiapelit.com,,,0,0,no feed,no public Shopify or WooCommerce feed,
EU,Fantasy Sphere,https://fantasysphere.fr,,,0,0,no feed,no public Shopify or WooCommerce feed,
EU,Fantasy World BE,https://fantasyworld.be,shopify,EUR,91,0,dormant,,pokemon-sets
EU,Flash Store,https://flashstore.es,,,0,0,no feed,no public Shopify or WooCommerce feed,
EU,Friki Monkey,https://frikimonkey.com,shopify,EUR,1,1,too few sealed,,official-pokemon®-sealed-product
EU,Gadget Man,https://gadgetman.ie,,,0,0,no feed,no public Shopify or WooCommerce feed,
EU,Games Academy IT,https://gamesacademy.it,,,0,0,no feed,no public Shopify or WooCommerce feed,
EU,Games4Fans,https://www.games4fans.it,shopify,EUR,2,0,too few sealed,,pokemon-1
EU,Gaming Universe PT,https://gaminguniverse.pt,,,0,0,no feed,no public Shopify or WooCommerce feed,
EU,Gate to the Games,https://www.gate-to-the-games.de,,,0,0,no feed,no public Shopify or WooCommerce feed,
EU,Geo Store,https://pokegeodude.shop,,,0,0,no feed,no public Shopify or WooCommerce feed,
EU,Greg's Game Shop,https://gregsgameshop.com,shopify,USD,0,0,wrong currency,"charges USD, market EU is EUR",
EU,Guizette Family,https://www.guizettefamily.com,,,0,0,no feed,no public Shopify or WooCommerce feed,
EU,Iberian Collect,https://iberiancollect.com,shopify,EUR,21,3,listed,,pokemon-booster-pack-box etb-pokemon pokemon-tcg
EU,Il Covo del Nerd,https://www.ilcovodelnerd.com,,,0,0,no feed,no public Shopify or WooCommerce feed,
EU,Kaartenbunker,https://kaartenbunker.nl,,,0,0,no feed,no public Shopify or WooCommerce feed,
EU,Kardz.eu,https://kardz.eu,shopify,EUR,3,2,listed,,pokemon-151 booster-packs
EU,Karten Kurier,https://kartenkurier.de,,,0,0,no feed,no public Shopify or WooCommerce feed,
EU,La Boutique Tabletop,https://www.laboutiquetabletop.com,,,0,0,no feed,no public Shopify or WooCommerce feed,
EU,LegendaryCards.eu,https://www.legendarycards.eu,,,0,0,no feed,no public Shopify or WooCommerce feed,
EU,Ludifolie,https://ludifolie.com,,,0,0,no feed,no public Shopify or WooCommerce feed,
EU,Magic Corporation,https://magiccorporation.com,,,0,0,no feed,no public Shopify or WooCommerce feed,
EU,Mana Cards FR,https://manacards.fr,,,0,0,no feed,no public Shopify or WooCommerce feed,
EU,Millennium Games BE,https://millenniumgames.be,,,0,0,no feed,no public Shopify or WooCommerce feed,
EU,Mojo Cards,https://mojocards.nl,shopify,EUR,17,10,listed,,pokemon pokemon-151 booster-packs
EU,Nerd Rage Games,https://nerdragegames.ie,,,0,0,no feed,no public Shopify or WooCommerce feed,
EU,Oaks Poke Box,https://oakspokebox.com,,,0,0,no feed,no public Shopify or WooCommerce feed,
EU,Otakura,https://otakura.com,shopify,EUR,57,3,listed,,display-buste-pokemon carte-pokemon
EU,Parkage,https://parkage.com,,,0,0,no feed,no public Shopify or WooCommerce feed,
EU,Philibert,https://www.philibertnet.com,,,0,0,no feed,no public Shopify or WooCommerce feed,
EU,Pikachu Cards,https://pikachucards.nl,,,0,0,no feed,no public Shopify or WooCommerce feed,
EU,Pikamon,https://pikamon.eu,shopify,EUR,55,12,listed,,pokemon
EU,Play In,https://play-in.com,,,0,0,no feed,no public Shopify or WooCommerce feed,
EU,Playing Card Shop,https://www.playingcardshop.eu,,,0,0,no feed,no public Shopify or WooCommerce feed,
EU,playingcards.de,https://www.playingcards.de,,,0,0,no feed,no public Shopify or WooCommerce feed,
EU,Poke Cards FR,https://pokecards.fr,,,0,0,no feed,no public Shopify or WooCommerce feed,
EU,Poke Center EU,https://pokecenter.eu,,,0,0,no feed,no public Shopify or WooCommerce feed,
EU,Poke Planet,https://pokeplaza.com,shopify,EUR,0,0,too few sealed,,
EU,Poke Welt,https://pokewelt.de,,,0,0,no feed,no public Shopify or WooCommerce feed,
EU,PokeBoutique,https://pokeboutique.fr,,,0,0,no feed,no public Shopify or WooCommerce feed,
EU,Pokebox EU,https://pokebox.eu,,,0,0,no feed,no public Shopify or WooCommerce feed,
EU,PokeDealTCG,https://www.pokedealtcg.es,shopify,EUR,1,0,too few sealed,,elite-trainer-boxes
EU,PokeMart BE,https://en.pokemart.be,,,0,0,no feed,no public Shopify or WooCommerce feed,
EU,Pokemart NL,https://pokemart.nl,,,0,0,no feed,no public Shopify or WooCommerce feed,
EU,PokeMillon,https://www.pokemillon.com,shopify,EUR,218,62,listed,,cartas-pokemon cartas-pokemon-chino pokemon cartas-pokemon-japon
EU,Pokemon Deals,https://pokemon-deals.de,,,0,0,no feed,no public Shopify or WooCommerce feed,
EU,Pokemon Kaarten,https://pokemon-kaarten.nl,,,0,0,no feed,no public Shopify or WooCommerce feed,
EU,Pokemon Winkel,https://pokemonwinkel.nl,shopify,EUR,199,10,listed,,pokemon-tcg-v-box elite-trainer-box booster-box pokemon-go-tcg
EU,Pokeolive,https://pokeolive.com,,,0,0,no feed,no public Shopify or WooCommerce feed,
EU,PokePower,https://poke-power.eu,shopify,EUR,236,2,listed,,pokemon
EU,Pokesumo,https://pokesumo.com,,,0,0,no feed,no public Shopify or WooCommerce feed,
EU,Pokezone,https://pokezone.nl,,,0,0,no feed,no public Shopify or WooCommerce feed,
EU,Poromagia,https://poromagia.com,,,0,0,no feed,no public Shopify or WooCommerce feed,
EU,Premium Collectibles,https://premiumcollectibles.de,,,0,0,no feed,no public Shopify or WooCommerce feed,
EU,PT Merch,https://ptmerch.com,,,0,0,no feed,no public Shopify or WooCommerce feed,
EU,Puolenkuun Pelit,https://puolenkuunpelit.com,,,0,0,no feed,no public Shopify or WooCommerce feed,
EU,Pushdich TCG,https://www.pushdich-tcg.de,shopify,EUR,15,13,listed,,pokemon-karten-deutsch pokemon-karten-englisch
EU,Royal Cards,https://royalcards.nl,woocommerce,EUR,2,1,too few sealed,,pokemon-decks
EU,Sapphire Cards,https://sapphire-cards.de,,,0,0,no feed,no public Shopify or WooCommerce feed,
EU,Speelkaartenwinkel,https://www.speelkaartenwinkel.nl,,,0,0,no feed,no public Shopify or WooCommerce feed,
EU,Spelhuis,https://www.spelhuis.be,,,0,0,no feed,no public Shopify or WooCommerce feed,
EU,Spielraum,https://spielraum.at,,,0,0,no feed,no public Shopify or WooCommerce feed,
EU,StarGeek,https://www.stargeek.es,,,0,0,no feed,no public Shopify or WooCommerce feed,
EU,TCG Corner,https://tcgcorner.eu,,,0,0,no feed,no public Shopify or WooCommerce feed,
EU,TCG Europa,https://tcgeuropa.com,woocommerce,,0,0,wrong currency,"charges ?, market EU is EUR",
EU,TCG Heaven NL,https://tcgheaven.nl,,,0,0,no feed,no public Shopify or WooCommerce feed,
EU,TCG Ireland,https://www.tcgireland.com,,,0,0,no feed,no public Shopify or WooCommerce feed,
EU,TCG Point,https://tcgpoint.de,,,0,0,no feed,no public Shopify or WooCommerce feed,
EU,TCG Shop DE,https://tcg-shop.de,,,0,0,no feed,no public Shopify or WooCommerce feed,
EU,TCG Shop FR,https://tcgshop.fr,,,0,0,no feed,no public Shopify or WooCommerce feed,
EU,TCG Store IT,https://tcg-store.it,,,0,0,no feed,no public Shopify or WooCommerce feed,
EU,TCG Universe,https://tcguniverse.nl,,,0,0,no feed,no public Shopify or WooCommerce feed,
EU,TCG Vault BE,https://tcgvault.be,,,0,0,no feed,no public Shopify or WooCommerce feed,
EU,TCG World NL,https://tcg-world.nl,,,0,0,no feed,no public Shopify or WooCommerce feed,
EU,Templars Arena,https://templarsarena.com,shopify,EUR,168,41,listed,,tins-pokemon blister-pokemon boosters-pokemon premium-sets-pokemon
EU,The Sports Hobby Shop,https://thesportshobbyshop.ie,shopify,EUR,2,0,too few sealed,,pokemon
EU,Tiger Cards,https://www.tigercards.es,shopify,EUR,2,1,too few sealed,,pokemon
EU,Totemo,https://totemo.nl,,,0,0,no feed,no public Shopify or WooCommerce feed,
EU,Toy Treasure,https://toy-treasure.com,shopify,EUR,160,93,listed,,pokemon pokemon-booster
EU,Ultrajeux,https://ultrajeux.com,,,0,0,no feed,no public Shopify or WooCommerce feed,
EU,VCollect,https://vcollect.fr,shopify,EUR,0,0,too few sealed,,
EU,VintiCards,https://vinticards.com,,,0,0,no feed,no public Shopify or WooCommerce feed,
EU,VintiCards FR,https://vinticards.fr,,,0,0,no feed,no public Shopify or WooCommerce feed,
EU,Zenpan EU,https://zenpan-eu.com,shopify,EUR,0,0,too few sealed,,
NZ,Animal Kingdoms,https://animalkingdoms.co.nz,shopify,NZD,50,26,listed,,pokemon-tcg
NZ,Battle Kiwi,https://battlekiwi.co.nz,,,0,0,no feed,no public Shopify or WooCommerce feed,
NZ,BayDragon,https://www.baydragon.co.nz,,,0,0,no feed,no public Shopify or WooCommerce feed,
NZ,Big Potato,https://www.bigpotato.co.nz,,,0,0,no feed,no public Shopify or WooCommerce feed,
NZ,Booster Games,https://www.boostergames.co.nz,shopify,NZD,39,1,listed,,pokemon-tcg
NZ,Card Bot NZ,https://cardbot.co.nz,shopify,AUD,0,0,wrong currency,"charges AUD, market NZ is NZD",
NZ,Card Collective NZ,https://cardcollective.co.nz,shopify,NZD,14,3,listed,,all-pokemon-tcg
NZ,Card Games NZ,https://card-games.nz,,,0,0,no feed,no public Shopify or WooCommerce feed,
NZ,Card Hub NZ,https://cardhub.co.nz,,,0,0,no feed,no public Shopify or WooCommerce feed,
NZ,Card Merchant Christchurch,https://cardmerchantchristchurch.co.nz,shopify,NZD,0,0,too few sealed,,
NZ,Card Merchant Outlet,https://cardmerchantoutlet.co.nz,shopify,NZD,0,0,too few sealed,,
NZ,Card Merchant Tauranga,https://cardmerchanttauranga.co.nz,shopify,NZD,0,0,too few sealed,,
NZ,Card Piece,https://cardpiece.co.nz,shopify,NZD,0,0,too few sealed,,
NZ,Card Shark NZ,https://cardshark.co.nz,,,0,0,no feed,no public Shopify or WooCommerce feed,
NZ,Cards NZ,https://cards.nz,,,0,0,no feed,no public Shopify or WooCommerce feed,
NZ,Cerberus Games,https://cerberusgames.co.nz,,,0,0,no feed,no public Shopify or WooCommerce feed,
NZ,Collect All Day,https://www.collectallday.com,,,0,0,no feed,no public Shopify or WooCommerce feed,
NZ,Collectable Kiwi,https://collectablekiwi.co.nz,woocommerce,,0,0,wrong currency,"charges ?, market NZ is NZD",
NZ,Collectors Guild,https://collectorsguild.co.nz,shopify,NZD,28,2,listed,,english-pokemon
NZ,Fantasy Kingdom,https://fantasykingdom.co.nz,,,0,0,no feed,no public Shopify or WooCommerce feed,
NZ,Game Kings,https://gamekings.co.nz,shopify,NZD,0,0,too few sealed,,
NZ,Games and Cards NZ,https://gamesandcards.co.nz,,,0,0,no feed,no public Shopify or WooCommerce feed,
NZ,Games Lab,https://www.gameslab.co.nz,,,0,0,no feed,no public Shopify or WooCommerce feed,
NZ,Goblin Games NZ,https://goblingames.nz,shopify,NZD,43,18,listed,,pokemon-tcg-sealed-packs pokemon
NZ,Hobby Lords,https://www.hobbylords.co.nz,,,0,0,no feed,no public Shopify or WooCommerce feed,
NZ,Hobby Master NZ,https://hobbymaster.co.nz,,,0,0,no feed,no public Shopify or WooCommerce feed,
NZ,Im Your Wardrobe,https://imyourwardrobe.com,shopify,NZD,28,28,listed,,pokemon-elite-trainer-boxes pokemon-booster-boxes
NZ,Iron Knight Gaming,https://ironknightgaming.co.nz,shopify,NZD,1,1,too few sealed,,pokemon-sealed
NZ,Kidzstuff Online,https://kidzstuffonline.co.nz,shopify,NZD,5,5,listed,,new-arrivals
NZ,Kingdom Games NZ,https://kingdomgames.co.nz,,,0,0,no feed,no public Shopify or WooCommerce feed,
NZ,Kiwi Cards,https://kiwicards.co.nz,,,0,0,no feed,no public Shopify or WooCommerce feed,
NZ,Magic Red Dragon,https://magicreddragon.co.nz,,,0,0,no feed,no public Shopify or WooCommerce feed,
NZ,Magic Vault NZ,https://magicvault.co.nz,,,0,0,no feed,no public Shopify or WooCommerce feed,
NZ,Mana Hub NZ,https://manahub.co.nz,,,0,0,no feed,no public Shopify or WooCommerce feed,
NZ,MetaLife,https://www.metalife.co.nz,shopify,NZD,26,2,listed,,preorder new-arrivals pokemon
NZ,Mighty Ape,https://www.mightyape.co.nz,,,0,0,no feed,no public Shopify or WooCommerce feed,
NZ,Nerd Alert NZ,https://nerdalert.co.nz,,,0,0,no feed,no public Shopify or WooCommerce feed,
NZ,Nova Games,https://novagames.co.nz,shopify,NZD,5,5,listed,,pokemon
NZ,OCARE,https://ocare.co.nz,shopify,NZD,53,8,listed,,pokemon
NZ,PlayX,https://www.playx.co.nz,shopify,NZD,194,2,listed,,pokemon
NZ,Poke Stash,https://pokestash.co.nz,shopify,NZD,569,79,listed,,pokemon-products pokemon-go pokemon-products-in-stock
NZ,PokeGear NZ,https://pokegear.co.nz,,,0,0,no feed,no public Shopify or WooCommerce feed,
NZ,Pokemon Cards Direct NZ,https://pokemoncardsdirect.co.nz,,,0,0,no feed,no public Shopify or WooCommerce feed,
NZ,Pokemon Cards NZ,https://pokemoncards.co.nz,,,0,0,no feed,no public Shopify or WooCommerce feed,
NZ,Pokemon NZ Store,https://pokemonstore.co.nz,,,0,0,no feed,no public Shopify or WooCommerce feed,
NZ,Pop Stop,https://popstop.co.nz,shopify,NZD,244,8,listed,,pokemon
NZ,PROSPER Boutique,https://prospernz.com,shopify,NZD,25,23,listed,,new-arrivals
NZ,Razor Leaf,https://www.razorleaf.co.nz,shopify,NZD,8,7,listed,,elite-trainer-boxes booster-packs
NZ,TCG Mana Vault,https://tcgmanavault.com,shopify,NZD,13,12,listed,,pokemon-sealed-products
NZ,TCG NZ,https://www.tcgnz.co.nz,,,0,0,no feed,no public Shopify or WooCommerce feed,
NZ,TCG Realm,https://tcgrealm.co.nz,,,0,0,no feed,no public Shopify or WooCommerce feed,
NZ,TCG Shop Online,https://www.tcgshoponline.com,,,0,0,no feed,no public Shopify or WooCommerce feed,
NZ,Toy Time,https://toytime.co.nz,shopify,NZD,14,8,listed,,pokemon-tcg
NZ,Toyco,https://www.toyco.co.nz,,,0,0,no feed,no public Shopify or WooCommerce feed,
NZ,Toys101,https://www.toys101.co.nz,shopify,NZD,1,1,too few sealed,,pokemon
NZ,Toyworld,https://www.toyworld.co.nz,shopify,NZD,0,0,too few sealed,,
NZ,Turtle Island,https://turtleisland.co.nz,,,0,0,rate limited,rate limited (429 from turtleisland.co.nz),
NZ,Vagabond,https://vagabond.co.nz,,,0,0,no feed,no public Shopify or WooCommerce feed,
NZ,Valkyrie Games NZ,https://valkyriegames.co.nz,shopify,NZD,1,1,too few sealed,,pokemon
NZ,Whakatane Games,https://whakatanegames.co.nz,,,0,0,no feed,no public Shopify or WooCommerce feed,
NZ,WP Games,https://wpgames.co.nz,shopify,NZD,28,13,listed,,pokemon-tcg
NZ,XP Games,https://xpgames.co.nz,,,0,0,no feed,no public Shopify or WooCommerce feed,
SG,4elements,https://www.4elements.sg,shopify,SGD,0,0,too few sealed,,
SG,Action Point Games,https://actionpoint.sg,shopify,SGD,0,0,too few sealed,,
SG,Active Game Collection,https://activegamecollection.com,,,0,0,no feed,no public Shopify or WooCommerce feed,
SG,Agora Hobby,https://agorahobby.com,,,0,0,no feed,no public Shopify or WooCommerce feed,
SG,Apex Player's Guild,https://apgtcg.com,shopify,SGD,0,0,too few sealed,,
SG,Art of Cards,https://artofcards.sg,,,0,0,no feed,no public Shopify or WooCommerce feed,
SG,Asianmagickards,https://asianmagickards.com,,,0,0,no feed,no public Shopify or WooCommerce feed,
SG,Astro Boy Toys,https://astroboytoys.sg,,,0,0,no feed,no public Shopify or WooCommerce feed,
SG,Battle Bunker,https://battlebunker.sg,,,0,0,no feed,no public Shopify or WooCommerce feed,
SG,Battle Bunker Distribution,https://distribution.battlebunker.com.sg,,,0,0,no feed,no public Shopify or WooCommerce feed,
SG,Beginners Luck,https://beginnersluck.sg,,,0,0,no feed,no public Shopify or WooCommerce feed,
SG,Big Boy Toys,https://bigboytoys.sg,,,0,0,no feed,no public Shopify or WooCommerce feed,
SG,BlitzMinis,https://www.blitzminis.com,,,0,0,no feed,no public Shopify or WooCommerce feed,
SG,Caesar Cards,https://caesarcards.sg,,,0,0,no feed,no public Shopify or WooCommerce feed,
SG,Capybara Cards,https://capybaracards.com,shopify,SGD,0,0,too few sealed,,
SG,Card Arena,https://cardarena.sg,shopify,SGD,0,0,too few sealed,,
SG,Card Bazaar,https://cardbazaar.sg,,,0,0,no feed,no public Shopify or WooCommerce feed,
SG,Card Bound,https://cardbound.sg,,,0,0,no feed,no public Shopify or WooCommerce feed,
SG,Card Citadel,https://cardcitadel.sg,,,0,0,no feed,no public Shopify or WooCommerce feed,
SG,Card Collector Corner,https://cardcollectorcorner.sg,,,0,0,no feed,no public Shopify or WooCommerce feed,
SG,Card Connect,https://cardconnect.sg,,,0,0,no feed,no public Shopify or WooCommerce feed,
SG,Card Gaiden,https://cardgaiden.com,,,0,0,no feed,no public Shopify or WooCommerce feed,
SG,Card Nation,https://cardnation.sg,,,0,0,no feed,no public Shopify or WooCommerce feed,
SG,Cardboard Collectible,https://cardboardcollectible.com,shopify,SGD,24,2,listed,,sealed
SG,Cardboard Crack,https://cardboardcrack.sg,,,0,0,no feed,no public Shopify or WooCommerce feed,
SG,Cardboard Crack Games,https://cardboardcrackgames.com,,,0,0,rate limited,rate limited (429 from cardboardcrackgames.com),
SG,Cardian,https://cardian.sg,woocommerce,SGD,0,0,too few sealed,,
SG,Cards Central,https://cardscentral.sg,,,0,0,no feed,no public Shopify or WooCommerce feed,
SG,Cardvo Singapore,https://cardvolution.com,shopify,USD,0,0,wrong currency,"charges USD, market SG is SGD",
SG,Cardvolution,https://cardvo.sg,,,0,0,no feed,no public Shopify or WooCommerce feed,
SG,Chase Collectibles,https://chasecollectibles.sg,,,0,0,no feed,no public Shopify or WooCommerce feed,
SG,Chuarizards Crate,https://chuarizardscrate.com,,,0,0,no feed,no public Shopify or WooCommerce feed,
SG,Clash Collectibles,https://clashcollectibles.sg,,,0,0,no feed,no public Shopify or WooCommerce feed,
SG,Concept Armour,https://conceptarmour.com,,,0,0,no feed,no public Shopify or WooCommerce feed,
SG,Concept City,https://conceptcity.sg,,,0,0,no feed,no public Shopify or WooCommerce feed,
SG,Daruma Gaming,https://darumagaming.com,shopify,SGD,0,0,too few sealed,,
SG,Deckard Gaming,https://deckardgaming.com,,,0,0,no feed,no public Shopify or WooCommerce feed,
SG,Dek TCG Shop,https://dektcgshop.com,woocommerce,SGD,19,8,listed,,pokemon
SG,Dimension Gaming,https://dimensiongaming.sg,,,0,0,no feed,no public Shopify or WooCommerce feed,
SG,Dueller's Point,https://www.duellerspoint.com,,,0,0,no feed,no public Shopify or WooCommerce feed,
SG,Edition Vault,https://editionvault.sg,,,0,0,no feed,no public Shopify or WooCommerce feed,
SG,EmpireCardz,https://empirecardz.com,,,0,0,no feed,no public Shopify or WooCommerce feed,
SG,EP Hobby,https://ephobby.sg,,,0,0,no feed,no public Shopify or WooCommerce feed,
SG,Fastpoke Mart,https://fastpokemart.com,,,0,0,no feed,no public Shopify or WooCommerce feed,
SG,Fyendal Hobby,https://fyendalhobby.com,,,0,0,no feed,no public Shopify or WooCommerce feed,
SG,Gamemartz,https://gamemartz.com,,,0,0,no feed,no public Shopify or WooCommerce feed,
SG,Gamersaurus Rex,https://gamersaurusrex.com,,,0,0,no feed,no public Shopify or WooCommerce feed,
SG,Games Haven,https://gameshaven.sg,,,0,0,no feed,no public Shopify or WooCommerce feed,
SG,Games Haven Store,https://www.gameshaven.com.sg,,,0,0,no feed,no public Shopify or WooCommerce feed,
SG,Games Haven TCG,https://www.gameshaventcg.com,shopify,SGD,0,0,too few sealed,,
SG,Games@PI,https://www.pi.com.sg,,,0,0,no feed,no public Shopify or WooCommerce feed,
SG,Genie TCG,https://genietcg.com,,,0,0,no feed,no public Shopify or WooCommerce feed,
SG,GOAT TCG,https://www.goattcg.com,shopify,SGD,0,0,too few sealed,,
SG,Grey Ogre Games,https://www.greyogregames.com,shopify,SGD,43,14,listed,,pokemon-sealed-prodcuts-no-packs pokemon-ascended-heroes pokemon-sealed
SG,Happyland Collectibles,https://happylandcollectibles.com,woocommerce,SGD,7,0,dormant,,pokemon-tcg
SG,Hideout,https://hideoutcg.com,shopify,SGD,0,0,too few sealed,,
SG,Hobika,https://hobika.sg,,,0,0,no feed,no public Shopify or WooCommerce feed,
SG,Huattoru,https://huattoru.com,shopify,SGD,0,0,too few sealed,,
SG,Humble TCG,https://humbletcg.com,shopify,SGD,7,5,listed,,booster-boxes elite-trainer-boxes booster-packs collection-boxes
SG,Inferno Gaming,https://infernogaming.sg,,,0,0,no feed,no public Shopify or WooCommerce feed,
SG,Inferno Gaming SG,https://infernogamingsg.com,woocommerce,,0,0,wrong currency,"charges ?, market SG is SGD",
SG,JanKenPon,https://jankenpon.co,,,0,0,no feed,no public Shopify or WooCommerce feed,
SG,Jeux Kingdom,https://www.jeuxkingdom.com,shopify,SGD,0,0,too few sealed,,
SG,Kadoshi,https://kadoshi.sg,,,0,0,no feed,no public Shopify or WooCommerce feed,
SG,Kami Kekkai,https://kamikekkai.com,,,0,0,no feed,no public Shopify or WooCommerce feed,
SG,Kardelax TCG,https://kardelax.com,,,0,0,no feed,no public Shopify or WooCommerce feed,
SG,Kingsroad Vault,https://kingsroadvault.com,,,0,0,no feed,no public Shopify or WooCommerce feed,
SG,Kodomo Collectibles,https://kodomocollectibles.com,,,0,0,no feed,no public Shopify or WooCommerce feed,
SG,Kouriten SG,https://kouritensg.com,,,0,0,no feed,no public Shopify or WooCommerce feed,
SG,Lastgame,https://www.lastgame.sg,,,0,0,no feed,no public Shopify or WooCommerce feed,
SG,LetsPlaySG,https://letsplaysg.com,,,0,0,no feed,no public Shopify or WooCommerce feed,
SG,Lunar Toys N Games,https://lunartoysngames.sg,,,0,0,no feed,no public Shopify or WooCommerce feed,
SG,Magic Castle,https://magiccastle.sg,,,0,0,no feed,no public Shopify or WooCommerce feed,
SG,Mana Pro,https://sg-manapro.com,shopify,SGD,0,0,too few sealed,,
SG,Momo Gadgets,https://momogadgets.com,shopify,SGD,0,0,too few sealed,,
SG,Monster Collectibles,https://monstercollectibles.sg,,,0,0,no feed,no public Shopify or WooCommerce feed,
SG,Mova Collectibles,https://movacollectibles.com,,,0,0,no feed,no public Shopify or WooCommerce feed,
SG,MXYYC,https://mxyyc.com,,,0,0,no feed,no public Shopify or WooCommerce feed,
SG,N2 Toys TCG,https://n2toys.sg,,,0,0,no feed,no public Shopify or WooCommerce feed,
SG,New Game World,https://newgameworld.sg,,,0,0,no feed,no public Shopify or WooCommerce feed,
SG,Newtro Gaming,https://newtroshop.com,,,0,0,no feed,no public Shopify or WooCommerce feed,
SG,Otaku House,https://otakuhouse.com,,,0,0,no feed,no public Shopify or WooCommerce feed,
SG,Oxley Grading,https://www.oxleygrading.com,,,0,0,no feed,no public Shopify or WooCommerce feed,
SG,Pandarator,https://www.pandarator.com,,,0,0,no feed,no public Shopify or WooCommerce feed,
SG,Paradigm Infinitum,https://paradigminfinitum.com,,,0,0,no feed,no public Shopify or WooCommerce feed,
SG,Play Inn,https://playinn.sg,,,0,0,no feed,no public Shopify or WooCommerce feed,
SG,Plus and Minus TCG,https://plusminustcg.com,,,0,0,no feed,no public Shopify or WooCommerce feed,
SG,Pokeloft,https://pokeloft.sg,,,0,0,no feed,no public Shopify or WooCommerce feed,
SG,PokeTee,https://poketee.sg,,,0,0,no feed,no public Shopify or WooCommerce feed,
SG,PokéSG,https://www.pokesg.com,,,0,0,no feed,no public Shopify or WooCommerce feed,
SG,Poladex,https://poladex.shop,,,0,0,no feed,no public Shopify or WooCommerce feed,
SG,Precious Thoughts,https://preciousthoughts.sg,,,0,0,no feed,no public Shopify or WooCommerce feed,
SG,Project EXT,https://projectext.sg,,,0,0,no feed,no public Shopify or WooCommerce feed,
SG,Real Troves,https://realtroves.com,,,0,0,no feed,no public Shopify or WooCommerce feed,
SG,Red Hobby Games,https://www.redhobbygamesshop.com,,,0,0,no feed,no public Shopify or WooCommerce feed,
SG,Rowell TCG,https://rowelltcg.com,,,0,0,no feed,no public Shopify or WooCommerce feed,
SG,Sakura Play,https://sakuraplay.sg,,,0,0,no feed,no public Shopify or WooCommerce feed,
SG,Sawadeekard,https://sawadeekard.com,shopify,SGD,112,45,listed,,new-nav-all-pokemon-products
SG,Shane Collectibles,https://shanecollectibles.com,,,0,0,no feed,no public Shopify or WooCommerce feed,
SG,Snore House,https://snorehouse.sg,,,0,0,no feed,no public Shopify or WooCommerce feed,
SG,Spearing Collectibles,https://www.spearingcollectibles.com,shopify,SGD,47,16,listed,,pokemon-card-packs pokemon
SG,SyphexTCG,https://syphextcg.com,,,0,0,no feed,no public Shopify or WooCommerce feed,
SG,TCG Club House,https://tcgclubhouse.myshopify.com,shopify,SGD,0,0,too few sealed,,
SG,TCG Emporium,https://tcgemporium.sg,,,0,0,no feed,no public Shopify or WooCommerce feed,
SG,TCG Junction,https://tcgjunction.sg,,,0,0,no feed,no public Shopify or WooCommerce feed,
SG,TCG Stadium,https://tcg-stadium.com,shopify,USD,0,0,wrong currency,"charges USD, market SG is SGD",
SG,TCG Temple,https://tcgtemple.myshopify.com,shopify,CAD,0,0,wrong currency,"charges CAD, market SG is SGD",
SG,Team Board Game,https://teamboardgame.com,woocommerce,SGD,0,0,too few sealed,,
SG,Terastal Labs,https://terastallabs.com,,,0,0,no feed,no public Shopify or WooCommerce feed,
SG,That Card Shop SG,https://thatcardshop.sg,,,0,0,no feed,no public Shopify or WooCommerce feed,
SG,The Card Lounge,https://thecardlounge.sg,,,0,0,no feed,no public Shopify or WooCommerce feed,
SG,The Gentlemen's Vault,https://thegentlemensvault.com,,,0,0,no feed,no public Shopify or WooCommerce feed,
SG,The Imaginarium,https://theimaginarium.sg,,,0,0,no feed,no public Shopify or WooCommerce feed,
SG,The Playhouse TCG,https://theplayhousetcg.com,,,0,0,no feed,no public Shopify or WooCommerce feed,
SG,The Private Collectives,https://theprivatecollectives.com,,,0,0,no feed,no public Shopify or WooCommerce feed,
SG,Toy Or Game,https://toyorgame.com.sg,shopify,SGD,2,0,too few sealed,,pokemon-tcg
SG,Toynado Collectibles,https://toynado.sg,,,0,0,no feed,no public Shopify or WooCommerce feed,
SG,Toyz Sealed SG,https://toyzsealed.sg,,,0,0,no feed,no public Shopify or WooCommerce feed,
SG,Toyzsealed,https://toyzsealed.com,,,0,0,no feed,no public Shopify or WooCommerce feed,
SG,Trion TCG,https://triontcg.com,,,0,0,no feed,no public Shopify or WooCommerce feed,
SG,TripleTactics TCG,https://tripletactics.sg,,,0,0,no feed,no public Shopify or WooCommerce feed,
SG,Urban Arena,https://urbanarena.sg,,,0,0,no feed,no public Shopify or WooCommerce feed,
SG,Utopia Games,https://utopiagames.sg,,,0,0,no feed,no public Shopify or WooCommerce feed,
SG,Vault Cards TCG,https://vaultcards.io,,,0,0,no feed,no public Shopify or WooCommerce feed,
SG,VictoryRD TCG,https://victoryrdtcg.com,,,0,0,no feed,no public Shopify or WooCommerce feed,
SG,War Games Shop,https://wargamesshop.net,,,0,0,no feed,no public Shopify or WooCommerce feed,
SG,Waxxed Sports Cards,https://waxxed.sg,,,0,0,no feed,no public Shopify or WooCommerce feed,
SG,Yukai Collectibles,https://yukaicollectibles.com,,,0,0,no feed,no public Shopify or WooCommerce feed,
SG,Zoomies Gaming,https://zoomiesgaming.com,,,0,0,no feed,no public Shopify or WooCommerce feed,
UK,365 Games,https://365games.co.uk,shopify,GBP,58,0,dormant,,pokemon-trading-cards
UK,3rd Down Trading Cards,https://3rddown.co.uk,shopify,GBP,0,0,too few sealed,,
UK,Ace Cards and Comics,https://acecardsandcomics.co.uk,,,0,0,no feed,no public Shopify or WooCommerce feed,
UK,Ace Comics,https://acecomics.co.uk,woocommerce,,0,0,wrong currency,"charges ?, market UK is GBP",
UK,Adventure Emporium,https://adventure-emporium.com,shopify,USD,0,0,wrong currency,"charges USD, market UK is GBP",
UK,AFK Gaming,https://afkgaming.co.uk,shopify,GBP,1,0,too few sealed,,all-pokemon
UK,After Market,https://aftermkt.co.uk,shopify,GBP,46,7,listed,,elite-trainer-boxes booster-boxes tins pokemon
UK,Albion Games,https://albiongames.co.uk,,,0,0,no feed,no public Shopify or WooCommerce feed,
UK,Albion Games Cafe,https://albiongamescafe.co.uk,,,0,0,no feed,no public Shopify or WooCommerce feed,
UK,Ashdown Gaming,https://ashdowngaming.co.uk,shopify,GBP,2,2,too few sealed,,pokemon-tcg
UK,Asmodee UK,https://www.asmodee.co.uk,shopify,GBP,137,6,excluded,,all-pokemon-games
UK,Athena Games,https://athenagames.com,shopify,GBP,1,1,too few sealed,,pokemon
UK,Bandit Cards,https://banditcards.co.uk,,,0,0,no feed,no public Shopify or WooCommerce feed,
UK,Battle Bunker UK,https://battlebunker.co.uk,,,0,0,no feed,no public Shopify or WooCommerce feed,
UK,Battleground Gaming UK,https://battlegroundgaming.co.uk,shopify,GBP,34,0,dormant,,pokemon-tcg-champions-path pokemon-tcg pokemon-vivid-voltage out-soon-pokemon-tcg
UK,Bearded Collectables,https://beardedcollectables.co.uk,shopify,GBP,5,0,dormant,,pokemon
UK,Big Orbit Cards,https://bigorbitcards.co.uk,,,0,0,no feed,no public Shopify or WooCommerce feed,
UK,Blue Fire Cards,https://bluefirecards.co.uk,,,0,0,no feed,no public Shopify or WooCommerce feed,
UK,Board Game Guru,https://boardgameguru.co.uk,,,0,0,no feed,no public Shopify or WooCommerce feed,
UK,Board Game Hut,https://boardgamehut.co.uk,,,0,0,no feed,no public Shopify or WooCommerce feed,
UK,Boards and Bits,https://boardsandbits.co.uk,,,0,0,no feed,no public Shopify or WooCommerce feed,
UK,Booster Box,https://boosterbox.shop,,,0,0,no feed,no public Shopify or WooCommerce feed,
UK,Booster Box UK,https://boosterbox.uk,,,0,0,no feed,no public Shopify or WooCommerce feed,
UK,Boss Cards,https://bosscards.co.uk,,,0,0,no feed,no public Shopify or WooCommerce feed,
UK,Boxed Cards,https://boxedcards.co.uk,,,0,0,no feed,no public Shopify or WooCommerce feed,
UK,Bright Cards,https://brightcards.co.uk,,,0,0,no feed,no public Shopify or WooCommerce feed,
UK,Bristol Independent Gaming,https://bristolindependentgaming.co.uk,shopify,GBP,16,2,listed,,pokemon
UK,Bulldog Cards,https://bulldogcards.co.uk,,,0,0,no feed,no public Shopify or WooCommerce feed,
UK,Buy Any Cards,https://buyanycards.co.uk,shopify,GBP,70,19,listed,,pokemon-elite-trainer-boxes pokemon-trading-card-game pokemon-booster-boxes booster-packs
UK,Card & Ink,https://www.cardandink.com,shopify,GBP,6,6,listed,,sealed-products
UK,Card Cartel,https://cardcartel.co.uk,shopify,GBP,0,0,too few sealed,,
UK,Card Cave UK,https://cardcave.co.uk,,,0,0,no feed,no public Shopify or WooCommerce feed,
UK,Card Cavern,https://cardcavern.co.uk,,,0,0,no feed,no public Shopify or WooCommerce feed,
UK,Card Compass,https://cardcompass.co.uk,,,0,0,no feed,no public Shopify or WooCommerce feed,
UK,Card Corner,https://cardcorner.co.uk,,,0,0,no feed,no public Shopify or WooCommerce feed,
UK,Card Craze,https://cardcraze.co.uk,,,0,0,no feed,no public Shopify or WooCommerce feed,
UK,Card Empire,https://www.cardempire.com,shopify,GBP,0,0,too few sealed,,
UK,Card Hunters,https://cardhunters.co.uk,,,0,0,no feed,no public Shopify or WooCommerce feed,
UK,Card Kingdom UK,https://cardkingdom.co.uk,,,0,0,no feed,no public Shopify or WooCommerce feed,
UK,Card Master UK,https://cardmaster.co.uk,,,0,0,no feed,no public Shopify or WooCommerce feed,
UK,Card Quest,https://cardquest.co.uk,woocommerce,,0,0,wrong currency,"charges ?, market UK is GBP",
UK,Card Realm,https://cardrealm.co.uk,,,0,0,no feed,no public Shopify or WooCommerce feed,
UK,Card Shack,https://cardshack.co.uk,,,0,0,no feed,no public Shopify or WooCommerce feed,
UK,Card Spot,https://cardspot.co.uk,,,0,0,no feed,no public Shopify or WooCommerce feed,
UK,Card Trader UK,https://cardtrader.co.uk,,,0,0,no feed,no public Shopify or WooCommerce feed,
UK,Card Universe,https://carduniverse.co.uk,,,0,0,no feed,no public Shopify or WooCommerce feed,
UK,Card Vault Club,https://cardvaultclub.co.uk,,,0,0,no feed,no public Shopify or WooCommerce feed,
UK,Cardboard Kings,https://cardboardkings.co.uk,,,0,0,no feed,no public Shopify or WooCommerce feed,
UK,CardDeckr,https://carddeckr.com,,,0,0,no feed,no public Shopify or WooCommerce feed,
UK,Cardiff Cards,https://cardiffcards.co.uk,,,0,0,no feed,no public Shopify or WooCommerce feed,
UK,Cardmania,https://cardmania.co.uk,,,0,0,no feed,no public Shopify or WooCommerce feed,
UK,CardRush,https://cardrush.co.uk,shopify,GBP,0,0,too few sealed,,
UK,Cards and Coins,https://cardsandcoins.co.uk,,,0,0,no feed,no public Shopify or WooCommerce feed,
UK,Cards Corner,https://cardscorner.co.uk,,,0,0,no feed,no public Shopify or WooCommerce feed,
UK,CardXCards,https://cardxcards.com,shopify,USD,0,0,wrong currency,"charges USD, market UK is GBP",
UK,Cardz UK,https://cardzuk.co.uk,,,0,0,no feed,no public Shopify or WooCommerce feed,
UK,Catching Collectibles,https://www.catchingcollectibles.co.uk,,,0,0,no feed,no public Shopify or WooCommerce feed,
UK,CF31 TCG,https://www.cf31tcg.com,shopify,CAD,0,0,wrong currency,"charges CAD, market UK is GBP",
UK,Chimera Games,https://chimeragames.co.uk,,,0,0,no feed,no public Shopify or WooCommerce feed,
UK,Collector Clash,https://collectorclash.com,shopify,GBP,72,15,listed,,pokemon all-non-pokemon
UK,Collectors Kingdom,https://collectorskingdom.co.uk,shopify,GBP,74,33,listed,,pokemon
UK,Crack The Pack,https://crackthepack.com,shopify,GBP,38,33,listed,,pokemon-tcg
UK,Dark Sphere,https://darksphere.co.uk,,,0,0,no feed,no public Shopify or WooCommerce feed,
UK,Dark Sphere,https://www.darksphere.co.uk,,,0,0,no feed,no public Shopify or WooCommerce feed,
UK,Dice and Decks,https://diceanddecks.co.uk,,,0,0,no feed,no public Shopify or WooCommerce feed,
UK,Dice and Dumplings,https://diceanddumplings.co.uk,shopify,GBP,0,0,too few sealed,,
UK,Doorway To Dorkness,https://www.doorwaytodorkness.co.uk,,,0,0,no feed,no public Shopify or WooCommerce feed,
UK,Dragons Lair Games,https://dragonslairgames.co.uk,,,0,0,no feed,no public Shopify or WooCommerce feed,
UK,DuckPondTCG,https://duckpondtcg.myshopify.com,shopify,USD,0,0,wrong currency,"charges USD, market UK is GBP",
UK,Eclectic Games,https://eclecticgames.co.uk,,,0,0,no feed,no public Shopify or WooCommerce feed,
UK,Eclipse Cards,https://eclipsecards.co.uk,,,0,0,no feed,no public Shopify or WooCommerce feed,
UK,Element Games,https://elementgames.co.uk,,,0,0,no feed,no public Shopify or WooCommerce feed,
UK,Elemental Cards,https://elemental.cards,shopify,GBP,100,7,listed,,sealed-pokemon pokemon
UK,Elysium Collectibles,https://www.elysiumcollectibles.com,,,0,0,no feed,no public Shopify or WooCommerce feed,
UK,Entoyment,https://entoyment.co.uk,shopify,GBP,0,0,too few sealed,,
UK,Europa Gaming,https://www.europagaming.co.uk,,,0,0,no feed,no public Shopify or WooCommerce feed,
UK,Excelsior Comics,https://excelsiorcomics.co.uk,,,0,0,no feed,no public Shopify or WooCommerce feed,
UK,Fanboy Three,https://fanboy3.co.uk,shopify,GBP,0,0,too few sealed,,
UK,Fig Tree Games,https://figtreegames.com,,,0,0,no feed,no public Shopify or WooCommerce feed,
UK,Firestorm Games,https://firestormgames.co.uk,,,0,0,no feed,no public Shopify or WooCommerce feed,
UK,First Player Games,https://firstplayergames.co.uk,,,0,0,no feed,no public Shopify or WooCommerce feed,
UK,Forbidden Planet,https://shop.forbiddenplanet.co.uk,shopify,GBP,2,0,too few sealed,,pokemon
UK,Game HQ,https://www.game-hq.co.uk,shopify,GBP,17,0,dormant,,pokemon-sealed-1
UK,Gamers Guild,https://gamersguild.co.uk,,,0,0,no feed,no public Shopify or WooCommerce feed,
UK,Games Crusade,https://gamescrusade.co.uk,,,0,0,no feed,no public Shopify or WooCommerce feed,
UK,Games Emporium,https://gamesemporium.co.uk,,,0,0,no feed,no public Shopify or WooCommerce feed,
UK,Games Lore,https://gameslore.com,,,0,0,no feed,no public Shopify or WooCommerce feed,
UK,Games Quest,https://gamesquest.co.uk,shopify,GBP,0,0,too few sealed,,
UK,Gathering Cards,https://gatheringcards.co.uk,,,0,0,no feed,no public Shopify or WooCommerce feed,
UK,Geek Retreat,https://geekretreat.co.uk,,,0,0,no feed,no public Shopify or WooCommerce feed,
UK,Geeky Blinders,https://www.geeky-blinders.co.uk,,,0,0,no feed,no public Shopify or WooCommerce feed,
UK,Geeky Blinders,https://geekyblinders.co.uk,,,0,0,no feed,no public Shopify or WooCommerce feed,
UK,Gemini Cards,https://geminicards.co.uk,,,0,0,no feed,no public Shopify or WooCommerce feed,
UK,Glasshammer Gaming,https://www.glasshammergaming.co.uk,,,0,0,no feed,no public Shopify or WooCommerce feed,
UK,Global Cards UK,https://globalcardsuk.co.uk,,,0,0,no feed,no public Shopify or WooCommerce feed,
UK,Goblin Gaming,https://www.goblingaming.co.uk,shopify,GBP,0,0,too few sealed,,
UK,Grade Guardians,https://gradeguardians.co.uk,,,0,0,no feed,no public Shopify or WooCommerce feed,
UK,Griffins Gaming,https://www.griffinsgaming.com,,,0,0,no feed,no public Shopify or WooCommerce feed,
UK,Grumpy Goblin,https://grumpygoblin.co.uk,,,0,0,no feed,no public Shopify or WooCommerce feed,
UK,Harlequins Games,https://harlequins.co.uk,,,0,0,no feed,no public Shopify or WooCommerce feed,
UK,Harlequins Games,https://harlequinsgames.com,shopify,GBP,5,0,dormant,,pokemon
UK,Harp's TCG,https://harpstcg.co.uk,,,0,0,no feed,no public Shopify or WooCommerce feed,
UK,Hidden Legends,https://hiddenlegends.co.uk,,,0,0,no feed,no public Shopify or WooCommerce feed,
UK,Hills Cards,https://hillscards.co.uk,,,0,0,no feed,no public Shopify or WooCommerce feed,
UK,Hills Cards,https://www.hillscards.co.uk,,,0,0,no feed,no public Shopify or WooCommerce feed,
UK,Hitpoint Games,https://hitpointgames.co.uk,,,0,0,no feed,no public Shopify or WooCommerce feed,
UK,Hobbies Direct,https://hobbiesdirect.co.uk,woocommerce,,0,0,wrong currency,"charges ?, market UK is GBP",
UK,Hobby Bunker,https://hobbybunker.co.uk,,,0,0,no feed,no public Shopify or WooCommerce feed,
UK,Hobby Master UK,https://hobbymaster.co.uk,,,0,0,no feed,no public Shopify or WooCommerce feed,
UK,Hobby Standard,https://www.hobbystandard.com,,,0,0,no feed,no public Shopify or WooCommerce feed,
UK,Hobby Vault,https://hobbyvault.co.uk,,,0,0,no feed,no public Shopify or WooCommerce feed,
UK,Hokey Poke Games,https://hokeypokegames.co.uk,shopify,GBP,65,21,listed,,all-pokemon
UK,Holotrove,https://holotrove.co.uk,,,0,0,no feed,no public Shopify or WooCommerce feed,
UK,Hunter TCG,https://huntertcg.co.uk,,,0,0,no feed,no public Shopify or WooCommerce feed,
UK,Impulse Game Store,https://impulsegamestore.co.uk,,,0,0,no feed,no public Shopify or WooCommerce feed,
UK,JoypadJoy,https://joypadjoy.co.uk,,,0,0,no feed,no public Shopify or WooCommerce feed,
UK,Just Games,https://justgames.co.uk,,,0,0,no feed,no public Shopify or WooCommerce feed,
UK,Kaboom Collectibles,https://kaboomcollectibles.co.uk,,,0,0,no feed,no public Shopify or WooCommerce feed,
UK,Kanto Cards,https://kantocards.co.uk,,,0,0,no feed,no public Shopify or WooCommerce feed,
UK,Kienda,https://kienda.co.uk,,,0,0,no feed,no public Shopify or WooCommerce feed,
UK,Kingdom Cards,https://kingdomcards.co.uk,,,0,0,no feed,no public Shopify or WooCommerce feed,
UK,Kirton Games,https://kirtongames.com,,,0,0,no feed,no public Shopify or WooCommerce feed,
UK,Koolthings,https://www.koolthings.co.uk,shopify,GBP,10,6,listed,,pokemon-1
UK,Langden Games,https://langdengames.co.uk,woocommerce,GBP,20,0,dormant,,search:pokemon
UK,Leisure Games,https://leisuregames.com,shopify,GBP,0,0,too few sealed,,
UK,Leisure Games,https://www.leisuregames.com,shopify,GBP,0,0,too few sealed,,
UK,Loaded Dice,https://www.loadeddice.uk,shopify,GBP,0,0,too few sealed,,
UK,Lost Ark Games,https://lostarkgames.co.uk,,,0,0,no feed,no public Shopify or WooCommerce feed,
UK,Manaleak,https://manaleak.com,,,0,0,no feed,no public Shopify or WooCommerce feed,
UK,MaxOnCards,https://maxoncards.co.uk,,,0,0,no feed,no public Shopify or WooCommerce feed,
UK,Meeple Mayhem,https://meeplemayhem.co.uk,,,0,0,no feed,no public Shopify or WooCommerce feed,
UK,Meeples & Mulligans,https://www.meeplesandmulligans.co.uk,,,0,0,no feed,no public Shopify or WooCommerce feed,
UK,Meeples Corner,https://meeplescorner.co.uk,shopify,GBP,40,2,listed,,pokemon-tcg
UK,Midlands Collectables,https://www.midlandscollectables.co.uk,,,0,0,no feed,no public Shopify or WooCommerce feed,
UK,Mint Cards,https://mintcards.co.uk,,,0,0,no feed,no public Shopify or WooCommerce feed,
UK,MW Collectables,https://www.mwcollectables.co.uk,,,0,0,no feed,no public Shopify or WooCommerce feed,
UK,Mystic Cards UK,https://mysticcards.co.uk,,,0,0,no feed,no public Shopify or WooCommerce feed,
UK,Mythic Goblin,https://mythicgoblin.com,,,0,0,no feed,no public Shopify or WooCommerce feed,
UK,Nerd Cave,https://nerdcave.co.uk,,,0,0,no feed,no public Shopify or WooCommerce feed,
UK,Nerdvana,https://nerdvana.co.uk,,,0,0,no feed,no public Shopify or WooCommerce feed,
UK,Night Rip,https://nightrip.co.uk,,,0,0,no feed,no public Shopify or WooCommerce feed,
UK,Ninja Tako,https://ninjatako.co.uk,,,0,0,no feed,no public Shopify or WooCommerce feed,
UK,Northumbrian Tin Soldier,https://northumbriantinsoldier.com,shopify,GBP,251,0,dormant,,pokemon
UK,One Stop Cards,https://onestopcards.co.uk,,,0,0,no feed,no public Shopify or WooCommerce feed,
UK,Orcs Nest,https://www.orcsnest.com,,,0,0,no feed,no public Shopify or WooCommerce feed,
UK,Origin Gaming,https://origin-gaming.com,,,0,0,no feed,no public Shopify or WooCommerce feed,
UK,Origin Gaming,https://origingaming.co.uk,,,0,0,no feed,no public Shopify or WooCommerce feed,
UK,Pack & Play Arena,https://packandplayarena.co.uk,,,0,0,no feed,no public Shopify or WooCommerce feed,
UK,Packrat,https://packratt.co.uk,,,0,0,no feed,no public Shopify or WooCommerce feed,
UK,Patriot Games,https://patriotgames.ltd.uk,,,0,0,no feed,no public Shopify or WooCommerce feed,
UK,Phantom Cards UK,https://www.phantomcardsuk.com,shopify,GBP,25,0,dormant,,pokemon-blind-box
UK,Pika Cards,https://pikacards.co.uk,,,0,0,no feed,no public Shopify or WooCommerce feed,
UK,Pika Packs,https://pikapacks.co.uk,,,0,0,no feed,no public Shopify or WooCommerce feed,
UK,Pika Pika,https://pikapika.co.uk,,,0,0,no feed,no public Shopify or WooCommerce feed,
UK,Poke Bandit,https://pokebandit.co.uk,,,0,0,no feed,no public Shopify or WooCommerce feed,
UK,Poke Bros,https://pokebros.co.uk,,,0,0,no feed,no public Shopify or WooCommerce feed,
UK,Poke Cards UK,https://pokecards.co.uk,,,0,0,no feed,no public Shopify or WooCommerce feed,
UK,Poke Central,https://pokecentral.co.uk,,,0,0,no feed,no public Shopify or WooCommerce feed,
UK,Poke Corner,https://pokecorner.co.uk,,,0,0,no feed,no public Shopify or WooCommerce feed,
UK,Poke Deals,https://pokedeals.co.uk,,,0,0,no feed,no public Shopify or WooCommerce feed,
UK,Poke Depot,https://thepokedepot.co.uk,,,0,0,no feed,no public Shopify or WooCommerce feed,
UK,Poke Hub UK,https://pokehub.co.uk,,,0,0,no feed,no public Shopify or WooCommerce feed,
UK,Poke Lab,https://pokelab.co.uk,,,0,0,no feed,no public Shopify or WooCommerce feed,
UK,Poke Mania,https://pokemania.co.uk,,,0,0,no feed,no public Shopify or WooCommerce feed,
UK,Poke Nation UK,https://pokenation.co.uk,,,0,0,no feed,no public Shopify or WooCommerce feed,
UK,Poke Palace,https://pokepalace.co.uk,,,0,0,no feed,no public Shopify or WooCommerce feed,
UK,Poke Park,https://pokepark.co.uk,,,0,0,no feed,no public Shopify or WooCommerce feed,
UK,Poke Pit,https://pokepit.co.uk,,,0,0,no feed,no public Shopify or WooCommerce feed,
UK,Poke Pixel,https://pokepixel.co.uk,,,0,0,no feed,no public Shopify or WooCommerce feed,
UK,Poke Planet UK,https://pokeplanet.co.uk,,,0,0,no feed,no public Shopify or WooCommerce feed,
UK,Poke Potion,https://pokepotion.co.uk,,,0,0,no feed,no public Shopify or WooCommerce feed,
UK,Poke Press,https://pokepress.co.uk,,,0,0,no feed,no public Shopify or WooCommerce feed,
UK,Poke Shack,https://pokeshack.co.uk,,,0,0,no feed,no public Shopify or WooCommerce feed,
UK,Poke Shop,https://pokeshop.co.uk,,,0,0,no feed,no public Shopify or WooCommerce feed,
UK,Poke Store UK,https://pokestore.co.uk,,,0,0,no feed,no public Shopify or WooCommerce feed,
UK,Poke Trade UK,https://poketrade.co.uk,,,0,0,no feed,no public Shopify or WooCommerce feed,
UK,Poke World,https://pokeworld.co.uk,,,0,0,no feed,no public Shopify or WooCommerce feed,
UK,Pokebox UK,https://pokebox.co.uk,,,0,0,no feed,no public Shopify or WooCommerce feed,
UK,PokeBunker,https://pokebunker.co.uk,,,0,0,no feed,no public Shopify or WooCommerce feed,
UK,PokeCave,https://pokecave.co.uk,,,0,0,no feed,no public Shopify or WooCommerce feed,
UK,PokeCove,https://pokecove.co.uk,,,0,0,no feed,no public Shopify or WooCommerce feed,
UK,PokeMart UK,https://pokemart.co.uk,,,0,0,no feed,no public Shopify or WooCommerce feed,
UK,Pokemon Card Shop,https://pokemoncardshop.co.uk,,,0,0,no feed,no public Shopify or WooCommerce feed,
UK,Pokemon Cards Direct,https://pokemoncardsdirect.co.uk,,,0,0,no feed,no public Shopify or WooCommerce feed,
UK,Pokemon Cards Shop,https://pokemoncards.co.uk,,,0,0,no feed,no public Shopify or WooCommerce feed,
UK,Pokemon Cave,https://pokemoncave.co.uk,,,0,0,no feed,no public Shopify or WooCommerce feed,
UK,Pokemon GCC,https://pokemongcc.myshopify.com,,,0,0,no feed,no public Shopify or WooCommerce feed,
UK,Pokemon Market UK,https://pokemonmarket.co.uk,,,0,0,no feed,no public Shopify or WooCommerce feed,
UK,Pokemon Post,https://pokemonpost.co.uk,,,0,0,no feed,no public Shopify or WooCommerce feed,
UK,Pokemon Vault UK,https://pokevault.co.uk,,,0,0,no feed,no public Shopify or WooCommerce feed,
UK,Pokemon Warehouse UK,https://pokemonwarehouse.co.uk,,,0,0,no feed,no public Shopify or WooCommerce feed,
UK,Pokemon Wholesale,https://pokemonwholesale.co.uk,,,0,0,no feed,no public Shopify or WooCommerce feed,
UK,PokeOrder,https://pokeorder.co.uk,,,0,0,no feed,no public Shopify or WooCommerce feed,
UK,PokePieceTCG,https://pokepiecetcg.co.uk,woocommerce,GBP,2,0,too few sealed,,pokemon-english
UK,PokeShop UK,https://pokeshop.uk,,,0,0,no feed,no public Shopify or WooCommerce feed,
UK,PokeStadium Cards,https://pokestadiumcards.co.uk,woocommerce,GBP,29,21,listed,,search:pokemon
UK,PokeStock,https://pokestock.co.uk,,,0,0,no feed,no public Shopify or WooCommerce feed,
UK,Pokestores,https://pokestores.co.uk,shopify,GBP,0,0,too few sealed,,
UK,PokeUK,https://pokeuk.co.uk,,,0,0,no feed,no public Shopify or WooCommerce feed,
UK,PokeVault,https://pokevault.uk,,,0,0,no feed,no public Shopify or WooCommerce feed,
UK,Pokevend,https://pokevend.co.uk,shopify,GBP,76,33,listed,,all-pokemon-products
UK,PokiPair,https://www.pokipair.com,woocommerce,EUR,0,0,wrong currency,"charges EUR, market UK is GBP",
UK,Portal Games,https://portalgames.co.uk,,,0,0,no feed,no public Shopify or WooCommerce feed,
UK,Prime Cards,https://www.primecrds.co.uk,shopify,GBP,3,0,dormant,,pokemon
UK,Puca Puca Games,https://www.pucapucagames.co.uk,shopify,GBP,6,0,dormant,,pokemon-tcg-temporal-forces
UK,Pulse Collective,https://www.pulsecollective.co.uk,,,0,0,no feed,no public Shopify or WooCommerce feed,
UK,Rainbow Rare,https://rainbowrare.co.uk,,,0,0,no feed,no public Shopify or WooCommerce feed,
UK,Rare Candy TCG,https://rarecandytcg.co.uk,,,0,0,no feed,no public Shopify or WooCommerce feed,
UK,Rare Pokémon Cards UK,https://rarepokemoncards.co.uk,woocommerce,GBP,55,54,listed,,sealed-pokemon-products-uk
UK,Ravenspire Games,https://ravenspiregames.co.uk,,,0,0,no feed,no public Shopify or WooCommerce feed,
UK,Rift Cards,https://riftcards.co.uk,,,0,0,no feed,no public Shopify or WooCommerce feed,
UK,RoyaleRips,https://royalerips.myshopify.com,,,0,0,no feed,no public Shopify or WooCommerce feed,
UK,Rules of Play,https://rulesofplay.co.uk,shopify,GBP,0,0,too few sealed,,
UK,Sealed Deals UK,https://sealeddeals.co.uk,,,0,0,no feed,no public Shopify or WooCommerce feed,
UK,Sealed Pokemon,https://sealedpokemon.co.uk,,,0,0,no feed,no public Shopify or WooCommerce feed,
UK,Shiny Cards,https://shinycards.co.uk,,,0,0,no feed,no public Shopify or WooCommerce feed,
UK,Silvermine,https://silvermine.app,shopify,GBP,9,0,dormant,,pokemon pokemon-promo
UK,Sirius Games,https://siriusgames.co.uk,,,0,0,no feed,no public Shopify or WooCommerce feed,
UK,Slab City,https://slabcity.co.uk,,,0,0,no feed,no public Shopify or WooCommerce feed,
UK,Slabbed UK,https://slabbed.co.uk,,,0,0,no feed,no public Shopify or WooCommerce feed,
UK,Spirit Games,https://spiritgames.co.uk,,,0,0,no feed,no public Shopify or WooCommerce feed,
UK,Squidly Cards,https://squidlycards.co.uk,,,0,0,no feed,no public Shopify or WooCommerce feed,
UK,Squirrel Cards,https://squirrelcards.co.uk,,,0,0,no feed,no public Shopify or WooCommerce feed,
UK,TCG Cards UK,https://tcgcards.co.uk,,,0,0,no feed,no public Shopify or WooCommerce feed,
UK,TCG Corner UK,https://tcgcorner.co.uk,,,0,0,no feed,no public Shopify or WooCommerce feed,
UK,TCG Empire,https://tcgempire.co.uk,,,0,0,no feed,no public Shopify or WooCommerce feed,
UK,TCG Heaven,https://tcgheaven.co.uk,,,0,0,no feed,no public Shopify or WooCommerce feed,
UK,TCG House of Cards,https://www.tcghouseofcards.com,,,0,0,no feed,no public Shopify or WooCommerce feed,
UK,TCG Republic UK,https://tcgrepublic.co.uk,,,0,0,no feed,no public Shopify or WooCommerce feed,
UK,TCG Time,https://tcgtime.co.uk,,,0,0,no feed,no public Shopify or WooCommerce feed,
UK,TCG Titan,https://tcgtitan.co.uk,,,0,0,no feed,no public Shopify or WooCommerce feed,
UK,TCG Vault UK,https://tcgvault.co.uk,,,0,0,no feed,no public Shopify or WooCommerce feed,
UK,TCG Zone,https://tcgzone.co.uk,,,0,0,no feed,no public Shopify or WooCommerce feed,
UK,TCG-UK,https://tcg-uk.com,,,0,0,no feed,no public Shopify or WooCommerce feed,
UK,TCGBOX,https://tcgbox.co.uk,shopify,GBP,0,0,too few sealed,,
UK,TCGdistrict,https://tcgdistrict.com,,,0,0,no feed,no public Shopify or WooCommerce feed,
UK,Terrors TCG,https://www.terrorstcg.com,shopify,GBP,12,11,listed,,pokemon booster-pack
UK,The Card Cabin,https://thecardcabin.co.uk,,,0,0,no feed,no public Shopify or WooCommerce feed,
UK,The Card Collective,https://thecardcollective.co.uk,,,0,0,no feed,no public Shopify or WooCommerce feed,
UK,The Card Emporium,https://thecardemporium.co.uk,,,0,0,no feed,no public Shopify or WooCommerce feed,
UK,The Card Hive,https://thecardhive.co.uk,,,0,0,no feed,no public Shopify or WooCommerce feed,
UK,The Card Nest,https://www.thecardnest.com,,,0,0,no feed,no public Shopify or WooCommerce feed,
UK,The Dice Cup,https://thedicecup.co.uk,woocommerce,,0,0,wrong currency,"charges ?, market UK is GBP",
UK,The Gamers Emporium,https://www.thegamersemporium.co.uk,,,0,0,no feed,no public Shopify or WooCommerce feed,
UK,The Games Table,https://thegamestable.co.uk,,,0,0,no feed,no public Shopify or WooCommerce feed,
UK,The Glasshouse,https://theglasshouse.cards,,,0,0,no feed,no public Shopify or WooCommerce feed,
UK,The Hobby Hub,https://thehobbyhub.co.uk,,,0,0,no feed,no public Shopify or WooCommerce feed,
UK,The Outpost Sheffield,https://outpostsheffield.co.uk,,,0,0,no feed,no public Shopify or WooCommerce feed,
UK,The Poke Office,https://www.thepokeoffice.com,shopify,CAD,0,0,wrong currency,"charges CAD, market UK is GBP",
UK,The Pokemon Shop,https://thepokemonshop.co.uk,woocommerce,,0,0,wrong currency,"charges ?, market UK is GBP",
UK,The Pokeshop,https://thepokeshop.co.uk,,,0,0,no feed,no public Shopify or WooCommerce feed,
UK,The Poké Store,https://thepokestore.co.uk,shopify,GBP,0,0,too few sealed,,
UK,The TCG Store,https://thetcgstore.co.uk,,,0,0,no feed,no public Shopify or WooCommerce feed,
UK,The Trainer Shop,https://thetrainershop.co.uk,,,0,0,no feed,no public Shopify or WooCommerce feed,
UK,The Wargamer,https://www.thewargamer.co.uk,,,0,0,no feed,no public Shopify or WooCommerce feed,
UK,The Warp,https://thewarp.co.uk,,,0,0,no feed,no public Shopify or WooCommerce feed,
UK,Timeless Toys,https://timelesstoys.co.uk,,,0,0,no feed,no public Shopify or WooCommerce feed,
UK,Trader Dans TCG,https://traderdanstcg.myshopify.com,,,0,0,no feed,no public Shopify or WooCommerce feed,
UK,Trading Card Wholesale,https://www.tradingcardwholesale.co.uk,,,0,0,no feed,no public Shopify or WooCommerce feed,
UK,Trainer Cards,https://trainercards.co.uk,,,0,0,no feed,no public Shopify or WooCommerce feed,
UK,Trainer Tower,https://trainertower.co.uk,,,0,0,no feed,no public Shopify or WooCommerce feed,
UK,Trainer's Vault,https://trainersvault.co.uk,,,0,0,no feed,no public Shopify or WooCommerce feed,
UK,TrainerVault,https://trainervault.co.uk,,,0,0,no feed,no public Shopify or WooCommerce feed,
UK,Trident Cards,https://tridentcards.co.uk,shopify,GBP,0,0,too few sealed,,
UK,Trigon Games,https://trigongames.co.uk,,,0,0,no feed,no public Shopify or WooCommerce feed,
UK,Troll Trader Cards,https://trolltradercards.com,shopify,GBP,12,11,listed,,pokemon-booster-pack
UK,UK-TCG,https://uk-tcg.co.uk,,,0,0,no feed,no public Shopify or WooCommerce feed,
UK,Uncommon Cards,https://uncommoncards.co.uk,,,0,0,no feed,no public Shopify or WooCommerce feed,
UK,Underworld Games,https://underworldgames.co.uk,,,0,0,no feed,no public Shopify or WooCommerce feed,
UK,Undiscovered Realm,https://www.undiscoveredrealm.com,shopify,USD,0,0,wrong currency,"charges USD, market UK is GBP",
UK,Unicorn Cards,https://unicorncards.co.uk,,,0,0,no feed,no public Shopify or WooCommerce feed,
UK,Vault Collectables,https://vaultcollectables.co.uk,,,0,0,no feed,no public Shopify or WooCommerce feed,
UK,Vorum Games,https://vorumgames.com,shopify,GBP,1,1,too few sealed,,pokemon
UK,Waroffice,https://waroffice.co.uk,woocommerce,,0,0,wrong currency,"charges ?, market UK is GBP",
UK,Wayland Games,https://waylandgames.co.uk,,,0,0,no feed,no public Shopify or WooCommerce feed,
UK,We Love Collectibles,https://welovecollectibles.co.uk,,,0,0,no feed,no public Shopify or WooCommerce feed,
UK,Wishlist Collectables,https://www.wishlistcollectables.co.uk,shopify,GBP,83,0,dormant,,pokemon
UK,Wright Cards,https://wrightcards.com,shopify,GBP,17,0,dormant,,collection-boxes pokemon-tcg-journey-together pokemon-booster-packs
UK,Zulu's Games,https://zulusgames.com,shopify,USD,0,0,wrong currency,"charges USD, market UK is GBP",
US,Black Wolf Collectibles,https://blackwolfcollectibles.com,shopify,USD,207,126,listed,,all-pokemon
US,Coded Yellow,https://www.codedyellow.com,,,0,0,no feed,no public Shopify or WooCommerce feed,
US,Elite TCG World Supply,https://elitetcgworldsupply.com,,,0,0,no feed,no public Shopify or WooCommerce feed,
US,Evolution Cards TCG,https://www.evolutioncardstcg.com,,,0,0,no feed,no public Shopify or WooCommerce feed,
US,Forge and Fire Gaming,https://forgeandfiregaming.com,,,0,0,no feed,no public Shopify or WooCommerce feed,
US,Geekery Games,https://geekerygames.com,shopify,USD,7,7,listed,,pokemon
US,MH Deals Plus,https://mhdealsplus.com,shopify,USD,24,19,listed,,booster-boxes pokemon-tcg
US,Quaza Collect,https://quazacollect.com,,,0,0,no feed,no public Shopify or WooCommerce feed,
US,Stomping Grounds TCG,https://www.stompinggroundstcg.com,shopify,USD,0,0,too few sealed,,
US,TCGORA,https://tcgora.com,shopify,USD,45,12,listed,,elite-trainer-box pre-orders
US,The HydroPump Pokeshop,https://thehydropumppokeshop.com,,,0,0,no feed,no public Shopify or WooCommerce feed,
US,The Poke Hive,https://www.thepokehive.com,,,0,0,no feed,no public Shopify or WooCommerce feed,
US,Ultima Supply,https://ultimasupply.com,shopify,USD,63,19,listed,,pokemon
