market,store,base,platform,outcome,sealed_products,in_stock,collections,detail
AU,88 Games Arena,https://www.88gamesarena.com.au,shopify,too-few,0,0,,
AU,Ace Collectibles,https://acecollectibles.com.au,shopify,listed,24,8,all-products-pokemon booster-box,
AU,Area52 Hobart,https://singles.area52.com.au,shopify,too-few,0,0,,
AU,Aussie Hobbies,https://www.aussiehobbies.com.au,shopify,listed,4,4,pokemon,
AU,Brokenvase Games,https://brokenvase.games,shopify,too-few,0,0,,
AU,Card Traders Australia,https://cardtradersaustralia.com.au,shopify,too-few,2,2,pokemon-go-20 pokemon-go-25,
AU,Card Tribe Australia,https://cardtribe.com.au,shopify,listed,21,0,pokemon-trading-cards,
AU,Cardbot,https://cardbot.com.au,shopify,listed,7,4,pokemon master-pokemon-list pokemon-tcg-scarlet-violet-temporal-forces,
AU,Cherry Collectables,https://www.cherrycollectables.com.au,shopify,listed,94,36,pokemon all-pokemon,
AU,Collectible Madness,https://collectiblemadness.com.au,shopify,listed,238,6,pokemon-tcg-collection-boxes pokemon-collection-tins pokemon-booster-boxes pokemon-booster-packs,
AU,Collectors Colosseum,https://www.collectorscolosseum.online,shopify,listed,144,35,pokemon-1 pokemon,
AU,Dragon Loot,https://dragonloot.au,woocommerce,listed,4,1,pokemon-etb-2 pokemon-booster-box pokemon-collectors-box-2,
AU,Drop Store,https://dropstore.com.au,shopify,listed,64,53,pokemon-tcg,
AU,Elemental Arcade,https://elementalarcade.com.au,shopify,too-few,1,1,pokemon-tcg-sealed-product,
AU,Fabled Games,https://fabledgames.store,shopify,listed,253,6,pokemon-tcg,
AU,Fluke & Box,https://www.flukeandbox.com,shopify,listed,37,6,pokemon,
AU,GameForce,https://gameforce.com.au,,no-feed,0,0,,no public Shopify or WooCommerce feed
AU,Gameology,https://www.gameology.com.au,shopify,listed,390,325,pokemon,
AU,Gamerholic,https://gamerholic.com.au,shopify,listed,23,7,pokemon-booster-boxes pokemon-booster-packs pokemon-collection-boxes pokemon-tins,
AU,Gametraders SouthPoint,https://gametraderssouthpoint.com.au,shopify,too-few,2,0,pokemon-trading-card,
AU,GAP Games,https://www.gapgames.com.au,shopify,listed,6,0,pokemon-tcg,
AU,GD Games,https://www.gdgames.com.au,shopify,too-few,0,0,,
AU,General Games Chirnside Park,https://generalgames.com.au,shopify,too-few,0,0,,
AU,Good Games,https://www.goodgames.com.au,shopify,listed,528,9,pokemon,
AU,Good Games Adelaide,https://ggadelaide.com.au,shopify,too-few,0,0,,
AU,Good Games TCG,https://tcg.goodgames.com.au,shopify,listed,18,0,pokemon,
AU,Grailborne,https://grailborne.com.au,shopify,listed,142,130,pokemon-tcg,
AU,Guf,https://guf.com.au,shopify,listed,4,1,pokemon-vivid-voltage pokemon-151 pokemon-lost-origin,
AU,Hero Stash,https://herostash.com.au,shopify,too-few,2,2,pokemon-tcg-sealed,
AU,Hobby Collectors Australia,https://hobbycollectorsaustralia.com.au,shopify,listed,244,9,pokemon-sealed-1 all-pokemon-products,
AU,Hobbymaster,https://www.hobbymaster.com.au,,no-feed,0,0,,no public Shopify or WooCommerce feed
AU,HOKO Collectables,https://www.hokocollectables.com,shopify,too-few,0,0,,
AU,Inn Games,https://inngames.com.au,shopify,too-few,0,0,,
AU,Irresistible Force TCG,https://tcg.irresistibleforce.com.au,shopify,listed,30,0,pokemon-classic pokemon-2022 pokemon-2020,
AU,Jamie's Trading Cards,https://jamiestradingcards.com.au,shopify,listed,4,0,pre-order,
AU,Just Card Stuff,https://justcardstuff.com.au,shopify,listed,14,8,pokemon-tcg,
AU,Kawaii Collector,https://kawaiicollector.com.au,shopify,listed,83,3,pokemon-sealed-products,
AU,Kollecter,https://www.kollecter.com.au,shopify,listed,117,2,pokemon-tcg-collection-boxes pokemon-tcg-elite-trainer-boxes pokemon-tcg-booster-box-1 pokemon-tcg-checklane-blisters,
AU,Light of Cards,https://lightofcards.com.au,shopify,listed,115,12,ptcg-en pokemon,
AU,Lilley's Arena,https://lilleysarena.com.au,woocommerce,listed,12,0,pokemon-tin-2 pokemon-151-scarlet-and-violet,
AU,Loot Vault,https://lootvault.au,shopify,listed,77,0,pokemon-tcg,
AU,Low Pop Trading Co,https://www.lowpop.com.au,shopify,listed,83,76,pokemon pokemon-sealed,
AU,Mana Market,https://manamarket.com.au,shopify,listed,211,68,pokemon-sealed ebay-pokemon,
AU,Melbemon Trading Cards,https://www.melbemon.com.au,shopify,listed,90,20,pokemon pokemon-tcg-box-sets,
AU,Metro Hobbies,https://www.metrohobbies.com.au,shopify,listed,11,2,pokemon,
AU,Mint Collectables,https://mintcollectables.com.au,shopify,too-few,0,0,,
AU,Monster Mart,https://www.monstermart.com.au,shopify,too-few,0,0,,
AU,More Than Meeples,https://morethanmeeples.com.au,woocommerce,listed,206,11,pokemon-collection-boxes pokemon-tins pokemon-booster-packs pokemon-elite-trainer-boxes,
AU,Northern Beaches Pokemon,https://northernbeachespokemon.com.au,woocommerce,too-few,0,0,,
AU,Obsession Gaming,https://obsessiongaming.com.au,shopify,listed,34,11,pokemon-boosters pokemon-starter-decks,
AU,One Stop Poke Mart,https://onestoppokemart.com.au,shopify,listed,46,0,pokemon-sword-shield-booster-boxes pokemon-xy-packs pokemon-sun-moon-packs pokemon-xy-booster-boxes,
AU,One Stop Poke Shop,https://onestoppokeshop.com.au,shopify,listed,51,17,pokemon-booster-boxes pokemon-booster-bundles pokemon-tcg,
AU,Overhauled Games,https://overhauledgames.com.au,woocommerce,listed,76,39,pokemon-elite-trainer-boxes pokemon-blister-packs pokemon-booster-packs pokemon-booster-boxes,
AU,Ozzie Collectables,https://www.ozziecollectables.com,shopify,listed,16,12,pokemon-box-set pokemon-cards manufacturer-pokemon,
AU,Plenty of Games,https://plenty-of-games-au.myshopify.com,shopify,listed,188,1,pokemon-all tcg-sealed,
AU,PokéBox,https://www.pokebox.com.au,shopify,listed,368,48,english-sealed-pokemon-trading-cards english-pokemon-tcg-tins,
AU,Pokemon World Australia,https://www.pokemonworldaustralia.com,shopify,listed,52,6,elite-trainer-boxes pokemon-center-exclusive-elite-trainer-box booster-boxes booster-packs,
AU,PokeSource,https://pokesource.com.au,shopify,listed,164,143,pokemon-under-100 pokemon-over-500 elite-trainer-boxes booster-bundles,
AU,PokeTrader,https://www.poketrader.com.au,shopify,listed,25,16,booster-boxes elite-trainer-boxes pokemon-tcg-pitch-black,
AU,Pro Gamers & Collectables,https://progamers.com.au,shopify,listed,199,5,pokemon-sealed-booster-boxes pokemon-pikachu,
AU,Purplish TCG,https://purplishtcg.com,shopify,listed,18,0,pokemon-english-booster-boxes,
AU,Quack Opens,https://www.quackopens.com.au,shopify,listed,39,4,pokemon,
AU,Raptor Games,https://raptorgames.com,shopify,listed,275,19,pokemon-trading-card-game new-arrivals,
AU,Reefside Games,https://reefsidegames.com.au,shopify,listed,8,4,pokemon-tcg-pitch-black pokemon-perfect-order pokemon-tcg-30th-celebration pokemon-chaos-rising,
AU,Shuffle n Cut Melbourne,https://shuffleandcutgames.com,shopify,too-few,0,0,,
AU,Spellroo Gaming,https://spellroogaming.com.au,shopify,listed,72,27,pokemon-tcg-english-sealed,
AU,Spindown,https://spindown.com.au,shopify,too-few,0,0,,
AU,TC Game,https://tcgame.com.au,shopify,listed,3,0,pokemon-booster-boxes-and-packs,
AU,TCG Collectors Australia,https://tcgcollectors.com.au,woocommerce,wrong-currency,0,0,,"charges ?, market AU is AUD"
AU,TCG Singles Australia,https://tcgsingles.com.au,shopify,too-few,0,0,,
AU,TCG Vault,https://tcgvault.com.au,woocommerce,too-few,0,0,,
AU,TCGANT,https://www.pokemoncardsperth.com.au,shopify,too-few,0,0,,
AU,TCGroup Australia,https://www.tcgroupau.com.au,shopify,listed,203,3,english-pokemon-collection-box english-pokemon-single-packs english-pokemon-elite-trainer-box english-pokemon-booster-box,
AU,The Adventurers Guild,https://www.theadventurersguild.com.au,shopify,listed,8,1,pokemon-display pokemon-mega-evolution-perfect-order pokemon,
AU,The Card Cave,https://thecardcave.com.au,shopify,listed,249,1,pokemon-sealed pokemon-tin,
AU,The Card Hub Australia,https://thecardhubaustralia.com.au,shopify,listed,126,2,pokemon-go elite-trainer-box pokemon pokemon-sealed,
AU,The Card Spot,https://thecardspot.com.au,shopify,listed,10,9,booster-box,
AU,The Final Boss Collectables,https://thefinalbosscollectables.com.au,shopify,listed,15,0,english-pokemon-boxes-and-packs,
AU,The Games Capital,https://www.thegamescapital.com.au,shopify,listed,528,9,pokemon,
AU,The Games District,https://thegamesdistrict.com,shopify,too-few,0,0,,
AU,The Vault,https://the-vault-au.com,shopify,listed,14,13,pokemon,
AU,The Wandering Collector,https://thewanderingcollector.com.au,shopify,listed,154,88,pokemon-tcg-sealed-products,
AU,Trading Card Masters,https://www.tradingcardmasters.com.au,shopify,too-few,0,0,,
AU,Treasure Vault,https://treasurevaultau.com,shopify,listed,63,36,pokemon,
AU,Troll Aus Melbourne,https://trollaustraliamelb.com.au,shopify,listed,137,73,pokemon-sealed pokemon,
AU,Troll Australia,https://www.trollaustralia.com.au,shopify,listed,202,117,pokemon-sealed pokemon-cards,
AU,Turn Order Games,https://turnordergames.com.au,shopify,too-few,1,1,pokemon-trading-card-game,
AU,Urban Empire Collectables,https://urbanempirecollectables.com,shopify,listed,4,4,pokemon-1,
AU,Vault Games,https://vaultgames.com.au,shopify,too-few,0,0,,
CA,401 Games,https://store.401games.ca,shopify,listed,771,215,pokemon-sealed-product pokemon-box-sets-tins pokemon-booster-packs pokemon-booster-boxes,
CA,A & C Games,https://acgamesonline.com,shopify,listed,319,296,pokemon-trading-card-game-tcg-sealed-product pokemon-151 best-sellers-pokemon pokemon-lost-origin,
CA,Alt F4,https://altf4online.com,shopify,too-few,2,2,pokemon-sealed-products,
CA,Always Games,https://alwaysgames.ca,shopify,too-few,2,1,pre-orders,
CA,Anime Alley,https://animealley.ca,shopify,listed,27,26,pokemon-sealed in-stock-pokemon,
CA,Banana Games & Hobby,https://bananagames.ca,shopify,listed,801,192,pokemon-sealed-english-new-menu pokemon-re-ment,
CA,Battleground Games,https://battlegroundgames.ca,shopify,listed,27,3,pokemon,
CA,Bento Gaming,https://bentogaming.com,shopify,listed,72,3,pokemon-tcg-scarlet-violet pokemon-english-mega-evolutions,
CA,Black Rose Hobbies,https://blackrosehobbies.com,shopify,listed,61,56,pokemon-sealed sealed pokemon,
CA,Blakestoise TCG,https://blakestoise.myshopify.com,shopify,listed,177,171,pokemon-sealed,
CA,Boutique Hobby Expert,https://hobbyexpert.ca,shopify,listed,29,25,pokemon-sealed-products pokemon-french-sealed-products,
CA,Boutique L'Artefact,https://boutiqueartefact.com,shopify,too-few,0,0,,
CA,Card Brawlers,https://cardbrawlers.com,shopify,listed,212,14,pokemon preorders,
CA,Card Dynasty,https://carddynasty.ca,shopify,listed,410,188,pokemon-sealed pokemon-pre-orders,
CA,Card Legends TCG,https://www.cardlegendstcg.com,shopify,listed,59,31,pokemon-english-sealed,
CA,Cardera,https://carderaco.com,shopify,listed,129,129,pokemon-sealed,
CA,Cartes Sportives Rive Sud,https://cartessportivesrivesud.com,shopify,listed,273,47,all-pokemon,
CA,Celly Sports & Games,https://www.cellysports.com,shopify,listed,24,9,pokemon-upcoming-releases pokemon-cards,
CA,Chonky Collectibles,https://chonkycollectibles.com,shopify,listed,44,11,pokemon-booster-blister-packs pokemon-collection-boxes pokemon pokemon-blister-packs,
CA,Comfy Hobbies,https://comfyhobbies.com,shopify,listed,380,73,pokemon-sealed-products pokemon-elite-trainer-box pokemon-center-etb pokemon-pre-order,
CA,Common Box Games,https://commonboxgames.com,shopify,listed,38,7,pokemon-variety-product pokemon-sealed,
CA,Danireon Cards & Games,https://www.danireon.com,,rate-limited,0,0,,rate limited (429 from www.danireon.com)
CA,Deck Out Gaming,https://deckoutgaming.ca,shopify,listed,705,186,pokemon-english-sealed pokemon-pack-bundles pokemon-sealed pokemon-tin,
CA,Derpy Cards,https://derpycards.ca,shopify,listed,678,99,pokemon preorders etb pokemon-prismatic-evolutions-sv8-5,
CA,Does Cards,https://doescards.ca,shopify,too-few,0,0,,
CA,EA Collectibles,https://eacollectibles.com,shopify,listed,752,139,pokemon-collection-boxes pokemon-elite-trainer-boxes pokemon-booster-boxes pokemon-packs,
CA,Eclipse Games,https://eclipsegames.ca,shopify,listed,23,20,pokemon-sealed,
CA,Elite Cards Toronto,https://elitecardstoronto.com,shopify,listed,68,63,pokemon,
CA,Empire Trading,https://www.empiretradings.com,shopify,listed,25,15,tcg-sealed-products pokemon-sealed-products pre-orders,
CA,Enter the Battlefield,https://enterthebattlefield.ca,shopify,listed,32,32,pokemon-sealed inv-pkmn,
CA,Esper Cards & Games,https://shop.espercardsandgames.com,shopify,listed,13,3,pokemon pokemon-30th-celebration,
CA,Everything Games,https://everythinggames.ca,shopify,listed,36,36,sealed-pokemon,
CA,Face to Face Games,https://facetofacegames.com,shopify,listed,605,45,pokemon-sealed pokemon-instant-collections,
CA,Flaring Lair,https://flaringlair.com,shopify,listed,237,39,pokemon-collection-boxes pokemon-blister-packs pokemon-tins pokemon-english-booster-boxes,
CA,Fresh Brewed Games Ltd.,https://freshbrewed.games,shopify,listed,8,5,pokemon,
CA,Fusion Gaming,https://fusiongamingonline.com,shopify,listed,9,7,pokemon-all-sealed pokemon-shinies pokemon-shinies-in-stock,
CA,Game 3 TCG & Hobby,https://game3.ca,shopify,listed,450,12,pokemon-sealed-pricing-test pokemon-sealed-product,
CA,Game Time Collectibles,https://itsgametime.ca,shopify,listed,635,2,pokemon-sealed-all pokemon-figurine,
CA,GameTime/TempsDuJeu,https://game-time.ca,shopify,listed,206,54,pokemon-tin pokemon-1 pokemon-elite-trainer-box-etb pokemon-copie,
CA,Gobelin d'Argent - Silver Goblin,https://silvergoblin.cards,shopify,listed,163,5,pokemon-tcg-collections pokemon-tcg-booster-boxes pokemon-tcg-blister-packs pokemon-tcg-elite-trainer-boxes,
CA,GT Games,https://gtgames.ca,shopify,listed,342,41,pokemon pokemon-sealed,
CA,Heads or Tails Gaming,https://heads-or-tails-gaming-inc.myshopify.com,shopify,too-few,0,0,,
CA,Heaven's Collectibles & TCG,https://heavenscollectibles.ca,shopify,listed,67,30,tcg-sealed pokemon,
CA,Hobbiesville,https://hobbiesville.com,shopify,listed,334,63,pokemon-blister-packs pokemon-booster-packs pokemon-elite-trainer-boxes pokemon-premium-collection,
CA,Hobby Saguenay,https://hobbysag.com,shopify,listed,149,3,pokemon-scelles precommande-pokemon,
CA,Hobby Stop TCG & Collectibles,https://www.hobbystoptcg.com,shopify,listed,45,27,pokemon-sealed-products,
CA,HPW CARDS INC.,https://hpwcards.com,shopify,listed,477,160,pokemon pokemon-sealed,
CA,Invasion Inc,https://invasioncnc.ca,shopify,listed,415,10,pokemon-sealed-all,
CA,Jack's On Queen,https://jacksonqueen.ca,shopify,listed,39,0,pokemon-30th-anniversary pokemon-go pokemon-sv10-5-black-bolt-white-flare,
CA,KadoOne TCG,https://kadoone.ca,shopify,listed,361,112,pokemon,
CA,KanZenGames Sports & Collectibles,https://kanzengames.com,shopify,listed,673,82,pokemon-sealed-all pokemon-tins pokemon-sealed-in-stock pokemon-booster-pack,
CA,Kuma Card Club,https://kumacardclub.com,shopify,too-few,0,0,,
CA,La Boutique Mythique | Lévis,https://laboutiquemythique.com,shopify,listed,437,54,pokemon-sealed-products pokemon,
CA,La Pioche,https://boutiquelapioche.com,shopify,listed,111,16,pokemon-produits-scelles,
CA,Le Chevalier,https://boutiquelechevalier.com,shopify,too-few,0,0,,
CA,Legendary Collectables,https://legendarycollectables.com,shopify,listed,311,25,pokemon-sealed-product,
CA,Level Up Games,https://levelupgames.ca,shopify,listed,285,276,pokemon-sealed-products-1 pokemon-misc-sealed pokemon-booster-boxes,
CA,Lotus Petal Gaming,https://lotuspetalgaming.com,shopify,listed,13,7,pokemon-sealed,
CA,Mad Merchant Cards and Games Limited,https://madmerchantgames.com,shopify,listed,162,38,pokemon,
CA,Mecha Games,https://mechagames.ca,shopify,too-few,2,2,pokemon-sealed,
CA,Merchant's Shop,https://merchantsinventory.ca,shopify,listed,3,3,pokemon-sealed,
CA,Mulligan Merchant,https://mulliganmerchant.myshopify.com,shopify,too-few,2,2,pokemon-sealed-all,
CA,Mysticalspark TCG,https://www.mysticalsparktcg.ca,shopify,listed,173,14,pokemon-sealed,
CA,Northern War Table,https://northernwartable.com,shopify,listed,17,8,pokemon,
CA,NP Collectibles,https://npcollectibles.com,shopify,listed,167,96,all-pokemon-english-sealed-in-stock pokemon-elite-trainer-boxes sword-shield-pokemon-go all-sealed,
CA,Obsidian Games,https://obsidiangames.ca,shopify,listed,63,0,the-pokemon-company-pokemon pokemon-tcg-preorders,
CA,Paradox TCG,https://paradoxtcg.com,shopify,listed,41,41,pokemon-sealed-product,
CA,Poke Gems MTL,https://pokegemsmtl.com,shopify,listed,154,154,pokemon-sealed-products,
CA,Pop Collectibles Canada,https://popcollectibles.ca,shopify,listed,52,15,pokemon,
CA,PTC Collectibles,https://ptccollectibles.com,shopify,listed,252,51,sealed-product pokemon-booster-packs pokemontcg,
CA,Red Riot Games,https://redriotgames.ca,shopify,too-few,0,0,,
CA,Rémi Card Trader,https://remicardtrader.ca,shopify,listed,441,178,cartes-pokemon pokemon-tins pokemon-elite-trainer-box,
CA,RoyalCardShop,https://royalcardshop.com,shopify,too-few,2,1,booster-pack elite-trainer-boxes,
CA,Royalty Cards and Collectibles,https://royaltycardsandcollectibles.com,shopify,listed,139,73,pokemon-etbs pokemon-packs pokemon-booster-boxes-bundles pokemon-tins-misc,
CA,Shopverse,https://shopverse.com,shopify,listed,501,144,pokemon-collection-boxes pokemon-booster-packs pokemon-elite-trainer-boxes pokemon-blister-packs,
CA,Sky Fox Games,https://www.skyfoxgames.com,shopify,listed,357,204,pokemon-tins-boxed-sets pokemon-decks-sealed-1 pokemon-booster-packs pokemon-elite-trainer-box-1,
CA,Taps Games,https://tapsgames.com,shopify,listed,78,53,pokemon-sealed pokemon-go,
CA,TCG Synergy,https://tcgsynergy.myshopify.com,shopify,listed,126,126,pokemon,
CA,TCG Temple,https://tcgtemple.myshopify.com,shopify,too-few,0,0,,
CA,Team Collectors,https://teamcollectors.com,shopify,listed,38,29,pokemon-sealed-eng-canada pokemon-blind-box-canada,
CA,The CG Realm,https://thecgrealm.com,shopify,listed,6,6,pokemon-sealed new-arrivals,
CA,The Mythic Store,https://themythicstore.com,shopify,listed,436,54,pokemon-sealed-products pokemon,
CA,The Poke Office,https://www.thepokeoffice.com,shopify,too-few,0,0,,
CA,Tistaminis,https://tistaminis.com,shopify,listed,370,103,pokemon,
CA,TonkaTom's TCG Station,https://tonkatomstcgstation.ca,shopify,listed,404,60,pokemon-sealed-product pokemon-promos,
CA,ToonTownHobbies,https://toontownhobbies.com,shopify,listed,51,4,sealed-pokemon-cards booster-boxes black-friday-pokemon-sales pokemon-go-set,
CA,Top Shelf Collection,https://topshelfco.ca,shopify,listed,260,24,pokemon-collections pokemon-tins pokemon-etbs,
CA,Toy Snowman,https://toysnowman.com,shopify,listed,26,26,pokemon-tcg,
CA,UbeCard,https://ubecard.com,shopify,too-few,1,1,pokemon,
CA,Vancity CJ Trading Cards,https://vancitycj.com,shopify,listed,102,8,pokemon-tcg sealed-product,
CA,Vancity TCG,https://www.vancitytcg.ca,shopify,listed,16,16,pokemon-sealed,
CA,Vaulted Icons,https://vaultedicons.com,shopify,listed,10,9,pokemon-cards,
CA,Vulcan Collectibles,https://vulcancollectibles.com,shopify,listed,30,15,sealed collection-box new-arrivals,
CA,Wandering Adventures,https://wanderingadventures.ca,shopify,too-few,2,2,pokemon-cards,
CA,Yume Cards Inc.,https://www.yumecards.ca,shopify,listed,156,60,english-pokemon,
EU,BaruZcard,https://baruzcard.it,shopify,listed,214,26,pokemon tutti-i-pokemon,
EU,Battle Bear Kaiserslautern,https://battle-bear-kl.de,shopify,listed,42,42,pokemon,
EU,Battle Bear Saarbr\u00fccken,https://www.battle-bear-sb.de,shopify,listed,41,38,pokemon pokemon-booster-theke,
EU,Bescards,https://www.bescards.com,shopify,listed,251,111,pokemon-sealed,
EU,Blockhouse Games,https://blockhousegames.net,shopify,listed,42,20,pokemon-tcg pokemon-mega-evolution-phantasmal-flames pokemon-mega-evolutions-chaos-rising pokemon-30th-celebration,
EU,Card House Of The East,https://card-house.nl,shopify,listed,9,0,sealed,
EU,Card-Binder,https://card-binder.com,shopify,listed,15,15,pokemon-booster-packs pokemon-tcg-tins pokemon-tcg-blisters,
EU,Cardhome,https://cardhome.at,shopify,listed,20,5,pokemon,
EU,Cardworld,https://cardworld.be,shopify,listed,99,24,pokemon-booster-packs-engels pokemon-collection-boxen-engels pokemon-booster-boxen-engels pokemon-tins-engels,
EU,CardZone,https://cardzone.es,shopify,listed,135,19,cajas-pokemon sobres-pokemon cartas-pokemon-tcg,
EU,Cartes Pokémon,https://cartespokemon.com,shopify,listed,110,57,deck-pokemon pokemon-chine display-cartes-pokemon booster-pokemon,
EU,collect-ob.com,https://collectob.com,shopify,too-few,0,0,,
EU,Collection Mania,https://www.collectionmania.ie,shopify,listed,3,3,sealed-products,
EU,Collector Store Cards,https://collectorstorecards.it,shopify,listed,87,14,pokemon,
EU,Collectors Garden,https://collectorsgarden.nl,shopify,too-few,0,0,,
EU,Complete Collections,https://www.completecollections.ie,woocommerce,listed,105,7,pokemon-sealed-product,
EU,DavidPTCG,https://davidptcg.nl,woocommerce,listed,216,15,search:pokemon,
EU,Dennis The Ripper,https://www.dennistheripper.de,shopify,listed,4,4,personal-pokemon,
EU,Discarded,https://discarded.ie,shopify,listed,30,8,pokemon,
EU,Eclipse TCG,https://www.eclipsetcg.be,shopify,too-few,0,0,,
EU,El Duelista,https://www.elduelista.com,shopify,listed,114,4,nuestros-favoritos-pokemon,
EU,EmeraldCardCave,https://emeraldcardcave.de,shopify,listed,14,0,pokemon-displays-englisch pokemon-display-bundles pokemon-booster-englisch,
EU,End Turn,https://www.endturn.pt,shopify,too-few,0,0,,
EU,Escamon,https://www.escamon.de,shopify,listed,3,2,pokemon-top-trainer-box-elite-trainer-box pokemon-blister-tins,
EU,FantasiaCards,https://fantasiacards.de,shopify,listed,74,66,pokemon-booster-pack pokemon-booster-display pokemon-elite-trainer-box pokemon-tins,
EU,Friki Monkey,https://frikimonkey.com,shopify,too-few,1,1,official-pokemon®-sealed-product,
EU,God Of Cards,https://godofcards.com,shopify,listed,37,8,pokemon-tins,
EU,GS-GameOn,https://www.gs-gameon.com,shopify,listed,54,53,sigillati-pokemon pokemon-products pokemon,
EU,Hikaru Distribution,https://hikarudistribution.com,shopify,listed,37,12,display-pokemon booster-pokemon tripack-duo-pack-pokemon etb-pokemon,
EU,Irish Poké Finds,https://irishpokefinds.ie,shopify,listed,16,12,sealed-products all-pokemon-cards,
EU,JJ Collection,https://www.jjcollection.es,shopify,listed,21,9,pokemon-tcg-en-ingles pokemon-tcg-en-chino pokemon-tcg-en-japones,
EU,JPYCOLLECTIBLES,https://jpycollectibles.com,shopify,listed,5,2,pokemon-boxes pre-orders,
EU,KartenKoloss,https://kartenkoloss.de,shopify,listed,3,1,pokemon,
EU,Kartenmeier,https://kartenmeier.de,shopify,listed,46,9,pokemon,
EU,Keräilykortti.fi,https://xn--kerilykortti-icb.fi,shopify,too-few,0,0,,
EU,Lachsnackenshop,https://lachsnackenshop.de,shopify,listed,11,11,pokemon-booster,
EU,Lake Cards,https://lakecards.de,shopify,listed,122,25,pokemon pokemon-box-sets pokemon-blister,
EU,Lichcards,https://lichcards.nl,shopify,listed,38,19,pokemon-collection-box pokemon-tins boosterpack-pokemon pokemon-booster-boxes,
EU,LuxCards,https://luxcards.lu,shopify,listed,10,4,produits-scelles-pokemon,
EU,Mana Market EU,https://manamarket.eu,shopify,listed,71,35,pokemon-sealed pokemon,
EU,McGillicuddy's Toy Shop,https://mcgillicuddystoyshop.ie,shopify,listed,21,3,pokemon-tcg,
EU,Metamorph Center,https://metamorphcenter.com,shopify,listed,24,1,pokemon-tcg,
EU,Nordic Legends,https://nordic-legends.com,shopify,listed,45,45,pokemon,
EU,Outpost Brussels,https://outpostbrussels.be,shopify,listed,259,13,pokemon preorders elite-trainer-box pokemon-deck,
EU,Peer Online Shop,https://www.peer-online.de,shopify,listed,80,51,pokemon,
EU,PKMWinkel,https://www.pkmwinkel.nl,shopify,listed,202,10,pokemon-tcg-v-box elite-trainer-box booster-box pokemon-go-tcg,
EU,Poke Planet (Mr Collect),https://mr-collect.de,shopify,listed,5,5,kori-pokemon-ja-sealed kori-pokemon-sealed pokemon-sealed-englisch,
EU,Poké-Geek,https://www.poke-geek.fr,shopify,listed,60,5,coffrets-pokemon pokemon-go collections-displays-pokemon-japonais cases-pokemon,
EU,Pokebundles,https://www.pokebundles.ie,shopify,listed,65,1,sealed-product booster-packs elite-trainer-box,
EU,PokeFamily,https://pokefamily.nl,shopify,listed,127,65,pokemon collection-box,
EU,Pokeflip,https://pokeflip.com,shopify,listed,123,0,collection-boxes tins elite-trainer-boxes booster-boxes,
EU,Poképlaza,https://pokeplaza.com,shopify,too-few,0,0,,
EU,Pokestock,https://pokestock.com,shopify,listed,14,8,pokemon-booster-box,
EU,Prime Protector,https://primeprotector.at,shopify,listed,37,1,pokemon-tcg,
EU,Psydeck TCG,https://psydeck.com,shopify,listed,95,50,sealed-product-pokemon,
EU,Quest Corner,https://questcorner.fr,shopify,listed,5,4,displays-pokemon-japonais displays-pokemon-coreens boosters-pokemon-coreens boosters-pokemon-japonais,
EU,Royal Cards,https://royalcards.nl,woocommerce,too-few,2,2,pokemon-decks,
EU,Sunnystore,https://sunnystore.es,shopify,listed,106,44,pokemon new-arrivals,
EU,Swagykarp,https://swagykarp.fi,woocommerce,listed,154,97,pokemon-tcg pokemon-tuotteet pokemon-tcg-tarvikkeet,
EU,T-REX TCG,https://www.t-rextcg.com,shopify,listed,4,0,singole-5k-pkmn,
EU,TCG Company,https://tcgcompany.nl,woocommerce,listed,466,109,pokemon-collection-box pokemon-blisters pokemon-booster-packs pokemon-booster-box,
EU,TCG-kauppa,https://www.tcgkauppa.fi,woocommerce,wrong-currency,0,0,,"charges ?, market EU is EUR"
EU,TCGViert,https://tcgviert.com,shopify,listed,9,9,pokemon,
EU,Timetwister Games,https://timetwistergames.it,shopify,listed,23,23,pokemon-tcg pokemon,
EU,TKCollectibles,https://www.tkcollectibles.it,shopify,listed,6,0,prodotti-speciali-pokemon pokemon-avventure-insieme-jurney-together pokemon-booster-box-cinese box-pokemon,
EU,Tobis Toys,https://tobistoys.de,shopify,listed,11,11,pokemon,
EU,TodoHits,https://todohits.com,shopify,listed,181,17,pokemon,
EU,Trading Toys,https://www.tradingtoys.de,shopify,listed,147,13,pokemon-booster pokemon pokemon-karten-kaufen-booster-sets-seltenheiten,
EU,Trinket Mage,https://trinket-mage.eu,shopify,listed,16,16,pokemon-sealed-produkte pokemon,
EU,Universe TCG,https://www.universetcg.com,shopify,listed,34,7,home-pokemon-sealed,
EU,Yonko TCG,https://yonko-tcg.de,shopify,listed,28,3,pokemon pokemon-booster,
EU,Zenpan EU,https://zenpan-eu.com,shopify,too-few,0,0,,
NZ,Card Bot NZ,https://cardbot.co.nz,shopify,wrong-currency,0,0,,"charges AUD, market NZ is NZD"
NZ,Card Masters,https://cardmasters.co.nz,shopify,listed,234,10,pokemon pokemon-booster-packs pokemon-collection-boxes elite-trainer-boxes,
NZ,Card Merchant,https://cardmerchant.co.nz,shopify,listed,3,3,pokemon-sealed,
NZ,Card Merchant Christchurch,https://cardmerchantchristchurch.co.nz,shopify,too-few,0,0,,
NZ,Card Merchant Hamilton,https://cardmerchanthamilton.co.nz,shopify,listed,6,6,pokemon-sealed,
NZ,Card Merchant Outlet,https://cardmerchantoutlet.co.nz,shopify,too-few,0,0,,
NZ,Card Merchant Tauranga,https://cardmerchanttauranga.co.nz,shopify,too-few,0,0,,
NZ,Cardtopia NZ,https://www.cardtopia.co.nz,shopify,listed,7,3,new-arrivals,
NZ,Collectable Kiwi,https://collectablekiwi.co.nz,woocommerce,wrong-currency,0,0,,"charges ?, market NZ is NZD"
NZ,Otaku Mart,https://otakumart.co.nz,shopify,listed,798,8,pokemon-tcg pokemon-tcg-booster-packs pokemon-tcg-elite-trainer-boxes pokemon-tcg-booster-boxes,
NZ,Spellbound Games NZ,https://spellboundgames.co.nz,shopify,listed,203,0,pokemon pokemon-trading-card-game-elite-trainer-box pokemon-booster-pack pokemon-trading-card-game-box-set,
NZ,TCG Collector NZ,https://tcgcollectornz.com,shopify,listed,20,8,pokemon-sealed-decks-tcg-collector-nz pokemon-booster-boxes-booster-packs-tcg-collector-nz pokemon-mega-evolution-base-set pokemon-mega-evolution-pitch-black,
NZ,The Game Tree NZ,https://thegametree.co.nz,shopify,listed,141,133,pokemon-tcg-sealed-products other-pokemon,
SG,1Collectibles,https://www.1collectibles.com,shopify,listed,13,8,pokemon-english bf-pokemon,
SG,4elements,https://www.4elements.sg,shopify,too-few,0,0,,
SG,Action Point Games,https://actionpoint.sg,shopify,too-few,0,0,,
SG,Apex Player's Guild,https://apgtcg.com,shopify,too-few,0,0,,
SG,Brints Collectibles,https://brintsco.com,shopify,listed,54,32,eng-pokemon-trading-card-game pokemon-tcg-cn-sealed,
SG,Cardian,https://cardian.sg,woocommerce,too-few,0,0,,
SG,Daimonji TCG,https://www.daimonjitcg.com,shopify,listed,76,74,pokemon-tcg,
SG,DXCOLLECTION,https://dxcollection.com.sg,woocommerce,listed,53,48,pokemon-cards-singapore,
SG,Flagship Games,https://www.flagshipgames.sg,shopify,listed,18,18,pokemon-products-singapore-shipping-only,
SG,Game Academia Singapore,https://game-academia.myshopify.com,shopify,listed,491,5,pokemon-trading-card-game,
SG,GOAT TCG,https://www.goattcg.com,shopify,too-few,0,0,,
SG,Hideout,https://hideoutcg.com,shopify,too-few,0,0,,
SG,Jeux Kingdom,https://www.jeuxkingdom.com,shopify,too-few,0,0,,
SG,Jiggle TCG,https://jiggletcg.com,shopify,listed,5,3,booster-packs booster-bundle booster-box,
SG,Kenkyo Hobby,https://kenkyohobby.com,shopify,listed,25,8,pokemon,
SG,OBO Collectibles,https://obocollectibles.com,shopify,too-few,2,2,pokemon,
SG,Pikku Play,https://pikkuplay.com,shopify,listed,6,1,pre-order,
SG,SC Collection,https://www.sc-collection.sg,shopify,listed,4,0,pokemon,
SG,Sentinel Games,https://sentinelgamessg.com,shopify,listed,11,11,en-pokemon-all-sealed en-pokemon-sealed-new-release,
SG,TCG Club House,https://tcgclubhouse.myshopify.com,shopify,too-few,0,0,,
SG,Team Card Game,https://teamcardgame.com,shopify,listed,16,12,pokemon,
SG,TEFUDA,https://tefudagames.com,shopify,listed,20,20,pokemon-sealed,
SG,The Avid Collectors,https://theavidcollectors.com,shopify,listed,200,88,pokemon-tcg-1 pokemon,
SG,The TCG Alchemists,https://thetcgalchemists.com,shopify,listed,8,8,pokemon,
SG,Toy Space,https://toyspace.com.sg,shopify,listed,17,14,pokemon-tcg,
SG,ToyOrGame,https://toyorgame.com.sg,shopify,too-few,2,0,pokemon-tcg,
UK,1 More Go Gaming,https://1moregogaming.co.uk,shopify,listed,50,2,pokemon-booster-boxes elite-trainer-boxes,
UK,7th City Collectables,https://7thcitycollectables.com,shopify,listed,46,1,pokemon-gifts,
UK,Axion Now,https://www.axionnow.com,shopify,listed,7,0,pokemon,
UK,Bad Wolf Gaming,https://badwolfgaming.co.uk,shopify,listed,42,8,pokemon,
UK,Boards & Swords,https://boardsandswords.co.uk,shopify,listed,7,0,pokemon-tcg-temporal-forces pokemon-paradox-rift pokemon-stellar-crown,
UK,Boss Minis,https://bossminis.co.uk,shopify,listed,65,3,pokemon-tcg pokemon,
UK,Bulwark Games,https://bulwarkgames.co.uk,shopify,too-few,0,0,,
UK,Card Goblin,https://www.cardgoblin.shop,shopify,listed,44,21,pokemon pokemon-arrivals,
UK,CardRush UK,https://cardrush.co.uk,shopify,too-few,0,0,,
UK,Castle Comics UK,https://castlecomicsuk.co.uk,shopify,too-few,1,0,pokemon-boxes-tins,
UK,Collect by Design,https://www.collectbydesign.co.uk,shopify,listed,44,3,pokemon-trading-card-packs-and-sets,
UK,Collecteebles,https://collecteebles.co.uk,shopify,listed,15,5,all-pokemon pokemon-journey-together,
UK,Collector's Edge,https://collectorsedge.co.uk,shopify,listed,331,11,pokemon-tcg-collection-boxes pokemon-tcg-tins pokemon-tcg-booster-packs pokemon-tcg-elite-trainer-boxes,
UK,Dice Saloon,https://dicesaloonsingles.co.uk,shopify,listed,3,1,cc-pokemon-swsh11,
UK,Double Sleeved,https://www.doublesleeved.co.uk,shopify,listed,289,40,pokemon-collection-boxes pokemon-elite-trainer-box pokemon-booster-packs pokemon-booster-box,
UK,Dungeons and Joypads,https://dungeonsandjoypads.com,shopify,listed,13,6,everything-pokemon,
UK,Eterna Cards,https://eternacards.co.uk,shopify,listed,375,37,pokemon-tcg-sealed-products pokemon-sealed-products-all-languages,
UK,EVO Cards,https://www.evocards.com,shopify,listed,54,39,sealed-pokemon-product-1,
UK,Evolution Trading Cards,https://evolutiontradingcards.co.uk,shopify,listed,5,0,pre-orders pokemon,
UK,Forbidden Planet,https://shop.forbiddenplanet.co.uk,shopify,too-few,2,0,pokemon,
UK,GameOn.games,https://www.gameon.games,shopify,listed,193,1,pokemon-tcg-tins pokemon-tcg-blister-packs pokemon-tcg-elite-trainer-box pokemon-tcg-premium-collection,
UK,Gathering Games,https://gatheringgames.co.uk,shopify,listed,285,0,pokemon-v-collection-boxes-tcg pokemon-tins-tcg pokemon-tcg-blisters pokemon-tcg-boosters,
UK,Go Cards UK,https://gocardsuk.co.uk,shopify,listed,24,1,sealed-product,
UK,Go Get Collectables,https://gogetcollectables.com,shopify,listed,9,0,pokemon,
UK,Goblin Gaming,https://www.goblingaming.co.uk,shopify,too-few,0,0,,
UK,GPC - Pokemon Graded Trading Card Game Cards,https://gradedpokecards.co.uk,shopify,too-few,0,0,,
UK,HOC TCG (Hauss of Cards),https://hoctcg.com,shopify,listed,88,13,english-pokemon,
UK,Holotrove,https://holotrove.com,woocommerce,wrong-currency,0,0,,"charges ?, market UK is GBP"
UK,Impact League TCG,https://impactleaguetcg.co.uk,shopify,listed,91,20,pokemon-english-booster-packs pokemon pokemon-english-booster-boxes,
UK,Incom Gaming,https://www.incomgaming.co.uk,shopify,listed,27,0,pokemon-tcg,
UK,Japan2UK,https://www.japan2uk.com,shopify,listed,622,8,pokemon-english-tins-blisters pokemon-english-booster-packs pokemon-english-collection-boxes pokemon-english-elite-trainer-boxes,
UK,Jarvvos,https://www.jarvvos.co.uk,shopify,listed,18,0,pokemon-booster-packs etbs,
UK,JET Cards,https://jetcards.uk,shopify,listed,226,0,pokemon-tins-chests pokemon-3-pack-blisters pokemon-booster-boxes pokemon-booster-packs,
UK,Knightly Gaming,https://knightlygaming.co.uk,shopify,too-few,0,0,,
UK,Kuma Cards,https://kumacards.com,shopify,listed,129,12,pokemon,
UK,Living Realms,https://livingrealms.co.uk,shopify,too-few,0,0,,
UK,Lvl Up Gaming UK,https://lvlupgaming.co.uk,shopify,listed,320,5,pokemon-sealed,
UK,Mega Cards,https://megacards.co.uk,shopify,listed,206,1,pokemon,
UK,Mintside Cards,https://mintsidecards.com,shopify,listed,27,3,pokemon-tcg,
UK,Monster Card Corner,https://monstercardcorner.co.uk,shopify,listed,212,11,pokemon,
UK,Mox in the Hole,https://moxinthehole.co.uk,shopify,listed,49,0,pokemon-pre-orders,
UK,Neo Cards & Collectables,https://www.neocards.co.uk,shopify,listed,266,36,pokemon-tcg,
UK,OBSIDIA TCG,https://obsidia-tcg.store,shopify,listed,440,9,pokemon-tcg,
UK,PikaShop,https://pikashop.co.uk,shopify,listed,198,0,collection-boxes tins booster-boxes elite-trainer-boxes,
UK,Pixel Hub,https://pixel-hub.co.uk,shopify,listed,97,5,pokemon,
UK,PokePhD,https://pokephd.co.uk,shopify,listed,36,1,pokemon-sealed,
UK,PROBUYTCG,https://probuytcg.co.uk,shopify,listed,62,0,pokemon,
UK,Red Sun Collectables,https://redsuncollectables.com,shopify,too-few,1,1,pokemon,
UK,Roll N Play,https://rollnplay.co.uk,shopify,too-few,0,0,,
UK,Spellbound Games,https://spellboundgames.co.uk,shopify,listed,11,0,pokemon-tcg,
UK,Sports Cards Direct,https://www.sportscardsdirect.co.uk,shopify,listed,20,16,pokemon,
UK,TCG Dragon,https://tcgdragon.co.uk,shopify,listed,56,1,pokemon,
UK,TCGShopUK,https://tcgshopuk.co.uk,woocommerce,listed,156,155,pokemon-sets pokemon-cards-uk,
UK,TGC Collectables (The Game Collection),https://collect.thegamecollection.net,shopify,listed,139,2,pokemon-collection-boxes pokemon-tcg-tin-selection pokemon-tcg-3-packs pokemon-tcg-booster-boxes,
UK,The Card Club UK,https://thecardclubuk.shop,shopify,listed,5,1,pokemon-1,
UK,The Card Vault,https://thecardvault.co.uk,shopify,listed,514,2,pokemon-tcg-sealed-products,
UK,The Gamers Lodge,https://thegamerslodge.com,shopify,too-few,0,0,,
UK,The Gaming Vault,https://thegamingvault.net,shopify,listed,25,1,pokemon-collection-boxes pokemon-mini-tins pokemon-elite-trainer-boxes pokemon-booster-bundles,
UK,The TCG Shop,https://www.thetcgshop.co.uk,shopify,listed,24,0,pokemon,
UK,Thirsty Meeples,https://thirstymeeples.co.uk,shopify,listed,25,0,pokemon-tcg-1,
UK,Thistle Tavern,https://thistletavern.com,shopify,listed,12,3,pokemon,
UK,Tier Zero Games,https://tierzerogames.com,shopify,listed,255,4,pokemon-sealed-products pokemon-theme-decks,
UK,Titan Cards,https://titancards.co.uk,shopify,listed,171,14,pokemon-sealed-products pokemon-tcg-black-bolt-white-flare-sealed-products pokemon-tcg-ascended-heroes-sealed-products,
UK,Total Cards,https://totalcards.net,shopify,listed,953,6,pokemon-blister-packs pokemon-tins pokemon-booster-packs pokemon-booster-boxes,
UK,Trainer's Haven,https://trainershaven.co.uk,woocommerce,listed,66,12,pokemon,
UK,Travelling Man,https://travellingman.com,shopify,listed,298,15,pokemon-tcg pokemon-model-kits pokemon-moncolle,
UK,Union County Games,https://unioncountygames.co.uk,shopify,listed,47,0,pokemon-sealed-product,
UK,Yard's Games,https://yardsgames.com,shopify,listed,14,0,ptcg-sealed,
UK,Zatu Games,https://www.board-game.co.uk,shopify,listed,115,14,pokemon-tcg-collection-boxes pokemon-tcg-elite-trainer-boxes pokemon-tcg-tins other-sealed-product-pokemon,
UK,Zatu Games,https://zatu.com,shopify,listed,467,17,pokemon-tcg-tins other-sealed-product-pokemon pokemon-tcg-collection-boxes booster-packs-pokemon,
US,1st Capital Gaming,https://1stcapitalgaming.com,shopify,listed,4,1,pokemon-scarlet-violet-obsidian-flames pokemon,
US,AllPokeTCG,https://allpoketcg.com,shopify,listed,231,27,pokemon new-arrivals,
US,ATOMILI COLLECTABLES,https://atomilicollectables.com,shopify,too-few,0,0,,
US,Aurora Sparks,https://aurorasparks.myshopify.com,shopify,listed,8,0,english-pokemon-cards,
US,Bards & Cards,https://singles.bardsandcards.com,shopify,too-few,0,0,,
US,Black Vault Gaming,https://blackvaultgaming.com,shopify,listed,34,34,pokemon-sealed,
US,Boardwalk Greenville,https://boardwalkgreenville.myshopify.com,shopify,too-few,0,0,,
US,Cape Fear Collectibles,https://www.capefearcollectibles.com,shopify,too-few,0,0,,
US,Card Cavern Trading Cards,https://www.cardcaverntradingcards.com,shopify,listed,210,10,all-pokemon-sealed-products pokemon-booster-boxes pokemon-booster-packs pokemon-elite-trainer-boxes,
US,Card Gorilla,https://cardgorilla.com,shopify,too-few,1,1,pokemon,
US,Card Prison,https://cardprison.com,shopify,too-few,0,0,,
US,Cardboard and Die,https://cardboardanddie.com,shopify,listed,41,38,pokemon-sealed,
US,Cardtopia Collectibles,https://cardtopiacollectibles.com,shopify,listed,16,16,pokemon,
US,Cash Cards Unlimited,https://cashcardsunlimited.com,shopify,listed,152,59,pokemon-sealed-product,
US,Collector Store,https://collectorstore.com,shopify,listed,448,123,games-pokemon new-arrivals,
US,CollectorZown,https://www.collectorzown.com,shopify,too-few,0,0,,
US,Common Lands,https://common-lands.com,shopify,listed,662,489,pokemon-elite-trainer-boxes-tins pokemon-booster-pack pokemon-collection-boxes pokemon-booster-box,
US,Core Gaming NH,https://coregamingnh.com,shopify,too-few,2,0,new-arrivals,
US,Decal Depo TF,https://decaldepotf.myshopify.com,shopify,listed,23,23,pokemon,
US,Donk Island TCG,https://donkislandtcg.com,shopify,too-few,1,1,pokemon-sealed-product,
US,DuckPondTCG,https://duckpondtcg.myshopify.com,shopify,too-few,0,0,,
US,Fabricator's Forge,https://shop.fabricatorsforge.com,shopify,listed,7,7,pokemon,
US,Flipside Gaming,https://flipsidegaming.com,shopify,listed,236,38,pokemon-sealed,
US,Fox and Fable Games,https://foxandfablegames.com,shopify,listed,8,0,pokemon-sealed,
US,Gacha Boba,https://gachaboba.com,shopify,too-few,0,0,,
US,Galaxy Games LLC,https://galaxygamesllc.com,shopify,too-few,2,2,pokemon-sealed,
US,GameCraft,https://gamecraftgamestore.com,shopify,too-few,0,0,,
US,Gamers Grove,https://gamersgrove.com,shopify,listed,35,1,pokemon-sealed,
US,Gator's Card Den,https://gatorscardden.com,shopify,too-few,2,2,pokemon-english,
US,Gear Gaming,https://bentonville.geargamingstore.com,shopify,too-few,0,0,,
US,GG Hobby Card,https://gghobbycard.com,shopify,listed,15,13,pokemon,
US,GG Legends,https://store.gglehi.com,shopify,listed,16,16,pokemon-sealed,
US,Grognard Games,https://grognardgames.com,shopify,too-few,0,0,,
US,Guardian Games Portland,https://guardian-games-llc.myshopify.com,shopify,too-few,1,1,pokemon,
US,Hobby Addicts,https://www.hobby-addicts.com,shopify,listed,154,1,pokemon-tcg,
US,Hobby Card Shop,https://hobbycardshop.com,shopify,listed,33,17,pokemon-products,
US,IcebergTCG,https://icebergtcg.com,shopify,too-few,0,0,,
US,Impact Gaming Center,https://impactgamingcenter.gg,shopify,listed,94,9,pokemon pokemon-sealed,
US,Indy Card Shop,https://indycardshop.myshopify.com,shopify,listed,32,28,pokemon sealed,
US,Jaro Cards,https://jarocards.com,shopify,listed,9,0,sealed,
US,JD Collectibles,https://www.shopjdc.com,woocommerce,listed,5,4,search:pokemon,
US,Jeffthrowcards,https://jeffthrowcards.myshopify.com,shopify,listed,24,0,pokemon-booster-packs booster-boxes,
US,Keystone Cards and Games,https://keystone-cards-and-games.myshopify.com,shopify,too-few,1,0,pokemon,
US,Knight and Day Games,https://knightanddaygames.com,shopify,listed,29,10,pokemon new-arrivals,
US,Kollect Korner,https://www.kollectkorner.com,shopify,listed,102,5,pokemon,
US,KrystalKollectz,https://krystalkollectz.com,shopify,too-few,0,0,,
US,La Pine Tabletop Gaming,https://lapinetabletopgaming.com,shopify,too-few,0,0,,
US,Larry's Game Store,https://larrysgamestore.com,shopify,listed,13,13,pokemon-sealed,
US,Loose Packs Trading Co.,https://loosepacks.com,shopify,listed,4,3,new-arrivals best-vintage-pokemon-packs,
US,Maine Phase Hobbies & Games,https://mainephasehobbies.com,shopify,listed,15,15,pokemon-sealed,
US,Mandi Shop,https://mandi-shop0919.myshopify.com,shopify,wrong-currency,0,0,,"charges JPY, market US is USD"
US,Mantis Game Studio,https://mantisgamestudio.com,shopify,listed,171,166,pokemon ccgs-pokemon-pokemon-packs ccgs-pokemon-etb ccgs-pokemon-sealed-booster-box,
US,Many Realms,https://manyrealms.com,shopify,listed,225,29,pokemon-sealed,
US,Metro Entertainment,https://metro-entertainment.myshopify.com,shopify,too-few,0,0,,
US,Misty Mountain Games,https://www.mistymountaingames.com,shopify,too-few,0,0,,
US,Most Excellent Gaming,https://most-excellent-gaming-ma.myshopify.com,shopify,too-few,0,0,,
US,Mystery MTG,https://mysterymtg.com,shopify,listed,55,6,pokemon pokemon-mega-evolution,
US,MysteryPokeSlabs,https://mysterypokeslabs.com,shopify,too-few,2,2,sealed-pokemon-1,
US,N4YTCG,https://www.n4ytcg.com,shopify,listed,10,0,pokemon,
US,Nerdzoic,https://nerdzoic.com,shopify,listed,54,5,tcg-sealed-products,
US,Nexus Tabletop Games,https://nexustabletopgames.com,shopify,listed,121,1,pokemon-sealed-1,
US,On-Board Gaming,https://on-boardgaming.com,shopify,listed,109,30,pokemon-sealed-all new-arrivals,
US,OneStopTCG,https://onestoptcg.com,shopify,listed,301,301,sealed-pokemon-products,
US,Pegasus Games WI,https://pegasus-games-wi.myshopify.com,shopify,too-few,0,0,,
US,Phantasma,https://phantasmalv.com,shopify,listed,19,2,new-arrivals booster-packs collection-box,
US,Phoenix Fire Games,https://phoenixfiregames.myshopify.com,shopify,too-few,0,0,,
US,Poke-Collect,https://poke-collect.com,shopify,listed,49,31,pokemon-sealed-products pokemon-pre-order,
US,PokeBox USA,https://www.pokeboxusa.com,shopify,listed,150,0,english-pokemon-tcg-single-packs english-pokemon-tcg-booster-boxes english-pokemon-tcg-collection-boxes pokemon-tcg-tins,
US,Pokemon Plug,https://pokemonplug.com,shopify,listed,211,43,sealed-products pokemon-booster-boxes view-all-sealed-pokemon-products-in-stock all-pre-orders,
US,Pokemon Worldwide,https://pokemonworldwide.com,woocommerce,wrong-currency,0,0,,"charges ?, market US is USD"
US,PokeNerds,https://pokenerds.co,shopify,too-few,0,0,,
US,PokeUnlimited,https://pokeunlimited.com,shopify,too-few,0,0,,
US,PrCards,https://storeprcards.myshopify.com,shopify,listed,171,171,pokemon-tins pokemon-premium-collections pokemon-blister-packs booster-boxes-pokemon,
US,Prime City Comics,https://primecitycomics.com,shopify,listed,9,9,pokemon-sealed-products,
US,Prodigy Games,https://prodigy-games.myshopify.com,shopify,listed,208,116,pokemon,
US,PunkOuter Games,https://punkouter.com,shopify,listed,129,84,pokemon pokemon-model,
US,Retro Gaming of Denver,https://retrogamingofdenver.com,shopify,listed,68,68,pokemon-cards,
US,RoboSkillz (BallSquad Shop),https://www.roboskillz.com,shopify,listed,66,57,english-pokemon-packs pokemon-boxes,
US,Rolling Hills Collectibles,https://ip5f5c-0a.myshopify.com,shopify,listed,47,34,pokemon,
US,Shippin Texas,https://shippintexas.com,shopify,listed,42,42,pokemon-elite-trainer-box pokemon-elite-trainer-box-copy sealed-151-pokemon-copy,
US,Skybox Collectibles,https://skyboxct.com,shopify,listed,775,83,pokemon pokemon-box-collections pokemon-tin pokemon-blister-packs,
US,Slickreefing (TCG storefront),https://slickreefing.myshopify.com,shopify,too-few,0,0,,
US,Stomping Grounds TCG,https://singles.stompinggroundstcg.com,shopify,too-few,0,0,,
US,Stonebrook Collectibles,https://stonebrookcollectibles.com,shopify,listed,24,3,pokemon-elite-trainer-boxes pokemon-booster-boxes-copy,
US,Sunny's Card Shop,https://sunnyscardshop.myshopify.com,shopify,listed,9,8,other-pokemon-boxes elite-trainer-boxes,
US,Sweets and Geeks,https://sweetsandgeeks.com,shopify,listed,392,127,sealed-pokemon-cards pokemon elite-trainer-boxes pokemon-tcg,
US,TCG Card Depot,https://tcgcarddepot.com,woocommerce,listed,126,126,search:pokemon,
US,TCG Hobby,https://www.tcghobby.com,shopify,listed,26,16,english-pokemon pokemon-booster-box,
US,TCG Stadium,https://tcg-stadium.com,shopify,too-few,2,0,sealed-products,
US,TCGGREEK,https://tcggreek-2.myshopify.com,shopify,wrong-currency,0,0,,"charges CAD, market US is USD"
US,The Booster Box,https://theboosterbox.com,,no-feed,0,0,,no public Shopify or WooCommerce feed
US,The Crimson Guild,https://ffcf84.myshopify.com,shopify,listed,5,0,pokemon-booster-box elite-trainer-box,
US,The Lost Zone Cards and Collectibles,https://thelostzonellc.myshopify.com,shopify,too-few,0,0,,
US,The Nerd Merchant,https://thenerdmerchant.com,shopify,too-few,1,1,pokemon-sealed,
US,The Platypus Party Card Shop,https://theplatypusparty.myshopify.com,shopify,listed,90,15,pokemon-packs pokemon-boxes,
US,The Stadium BC,https://the-stadium-bc.myshopify.com,shopify,listed,157,0,pokemon-sealed-products,
US,The Trainer Court,https://www.thetrainercourt.com,shopify,listed,103,56,pokemon-sealed-product pokemon-151,
US,The Warp Gate,https://thewarpgate.net,shopify,listed,30,30,pokemon-in-stock pokemon-sealed,
US,To The Table Board Game Cafe,https://tothetable.game,shopify,listed,3,3,sealed,
US,TradingCardSets.com,https://tradingcardsets.com,shopify,too-few,0,0,,
US,Trove of Collectibles,https://troveofcollectibles.com,shopify,listed,15,6,pitch-black-pokemon pokemon-1 perfect-order-pokemon chaos-rising-pokemon,
US,Underhill Gaming,https://underhillgaming.myshopify.com,shopify,listed,101,2,pokemon-sealed-all pokemon-sealed,
US,Vegas Singles,https://vegas.singles,shopify,listed,144,31,pokemon-sealed-products,
US,Wolf Den Gaming,https://wolfdentcg.com,shopify,listed,20,16,tcg-pokemon,
US,Wreythe's PokeShop,https://wreythe.com,shopify,too-few,0,0,,
US,Wulf Gaming,https://wulfgaming.com,shopify,listed,357,42,pokemon-sealed,
US,Zamliy TCG,https://zamliytcg.com,shopify,too-few,0,0,,
